,subject_id,spm_l2_path,spm_l2_path_description,spm_l2_targeted_contrast_filepath,contrast_CorrectGoFollowing(CS>FS)_fname,contrast_CorrectGoFollowing(FS>CS)_fname,contrast_CS>FS(PrecedingCorrectGo)_fname,contrast_FS>CS(PrecedingCorrectGo)_fname
0,DEV006,/Users/benjaminsmith/Google Drive/oregon/data/DEV/nonbids_data/fMRI/fx/models/SST/wave1/posterror_conditions/sub-DEV006/,"'/Users/benjaminsmith/Google Drive/oregon/data/DEV/nonbids_data/fMRI/fx/models/SST/wave1/posterror_conditions/sub-DEV006/,1'",,spmT_0001.nii,spmT_0002.nii,spmT_0003.nii,spmT_0004.nii
1,DEV008,/Users/benjaminsmith/Google Drive/oregon/data/DEV/nonbids_data/fMRI/fx/models/SST/wave1/posterror_conditions/sub-DEV008/,"'/Users/benjaminsmith/Google Drive/oregon/data/DEV/nonbids_data/fMRI/fx/models/SST/wave1/posterror_conditions/sub-DEV008/,1'",,spmT_0001.nii,spmT_0002.nii,spmT_0003.nii,spmT_0004.nii
2,DEV013,/Users/benjaminsmith/Google Drive/oregon/data/DEV/nonbids_data/fMRI/fx/models/SST/wave1/posterror_conditions/sub-DEV013/,"'/Users/benjaminsmith/Google Drive/oregon/data/DEV/nonbids_data/fMRI/fx/models/SST/wave1/posterror_conditions/sub-DEV013/,1'",,spmT_0001.nii,spmT_0002.nii,spmT_0003.nii,spmT_0004.nii
3,DEV014,/Users/benjaminsmith/Google Drive/oregon/data/DEV/nonbids_data/fMRI/fx/models/SST/wave1/posterror_conditions/sub-DEV014/,"'/Users/benjaminsmith/Google Drive/oregon/data/DEV/nonbids_data/fMRI/fx/models/SST/wave1/posterror_conditions/sub-DEV014/,1'",,spmT_0001.nii,spmT_0002.nii,spmT_0003.nii,spmT_0004.nii
4,DEV015,/Users/benjaminsmith/Google Drive/oregon/data/DEV/nonbids_data/fMRI/fx/models/SST/wave1/posterror_conditions/sub-DEV015/,"'/Users/benjaminsmith/Google Drive/oregon/data/DEV/nonbids_data/fMRI/fx/models/SST/wave1/posterror_conditions/sub-DEV015/,1'",,spmT_0001.nii,spmT_0002.nii,spmT_0003.nii,spmT_0004.nii
5,DEV016,/Users/benjaminsmith/Google Drive/oregon/data/DEV/nonbids_data/fMRI/fx/models/SST/wave1/posterror_conditions/sub-DEV016/,"'/Users/benjaminsmith/Google Drive/oregon/data/DEV/nonbids_data/fMRI/fx/models/SST/wave1/posterror_conditions/sub-DEV016/,1'",,spmT_0001.nii,spmT_0002.nii,spmT_0003.nii,spmT_0004.nii
6,DEV017,/Users/benjaminsmith/Google Drive/oregon/data/DEV/nonbids_data/fMRI/fx/models/SST/wave1/posterror_conditions/sub-DEV017/,"'/Users/benjaminsmith/Google Drive/oregon/data/DEV/nonbids_data/fMRI/fx/models/SST/wave1/posterror_conditions/sub-DEV017/,1'",,spmT_0001.nii,spmT_0002.nii,spmT_0003.nii,spmT_0004.nii
7,DEV018,/Users/benjaminsmith/Google Drive/oregon/data/DEV/nonbids_data/fMRI/fx/models/SST/wave1/posterror_conditions/sub-DEV018/,"'/Users/benjaminsmith/Google Drive/oregon/data/DEV/nonbids_data/fMRI/fx/models/SST/wave1/posterror_conditions/sub-DEV018/,1'",,spmT_0001.nii,spmT_0002.nii,spmT_0003.nii,spmT_0004.nii
8,DEV019,/Users/benjaminsmith/Google Drive/oregon/data/DEV/nonbids_data/fMRI/fx/models/SST/wave1/posterror_conditions/sub-DEV019/,"'/Users/benjaminsmith/Google Drive/oregon/data/DEV/nonbids_data/fMRI/fx/models/SST/wave1/posterror_conditions/sub-DEV019/,1'",,spmT_0001.nii,spmT_0002.nii,spmT_0003.nii,spmT_0004.nii
9,DEV020,/Users/benjaminsmith/Google Drive/oregon/data/DEV/nonbids_data/fMRI/fx/models/SST/wave1/posterror_conditions/sub-DEV020/,"'/Users/benjaminsmith/Google Drive/oregon/data/DEV/nonbids_data/fMRI/fx/models/SST/wave1/posterror_conditions/sub-DEV020/,1'",,spmT_0001.nii,spmT_0002.nii,spmT_0003.nii,spmT_0004.nii
10,DEV021,/Users/benjaminsmith/Google Drive/oregon/data/DEV/nonbids_data/fMRI/fx/models/SST/wave1/posterror_conditions/sub-DEV021/,"'/Users/benjaminsmith/Google Drive/oregon/data/DEV/nonbids_data/fMRI/fx/models/SST/wave1/posterror_conditions/sub-DEV021/,1'",,spmT_0001.nii,spmT_0002.nii,spmT_0003.nii,spmT_0004.nii
11,DEV022,/Users/benjaminsmith/Google Drive/oregon/data/DEV/nonbids_data/fMRI/fx/models/SST/wave1/posterror_conditions/sub-DEV022/,"'/Users/benjaminsmith/Google Drive/oregon/data/DEV/nonbids_data/fMRI/fx/models/SST/wave1/posterror_conditions/sub-DEV022/,1'",,spmT_0001.nii,spmT_0002.nii,spmT_0003.nii,spmT_0004.nii
12,DEV023,/Users/benjaminsmith/Google Drive/oregon/data/DEV/nonbids_data/fMRI/fx/models/SST/wave1/posterror_conditions/sub-DEV023/,"'/Users/benjaminsmith/Google Drive/oregon/data/DEV/nonbids_data/fMRI/fx/models/SST/wave1/posterror_conditions/sub-DEV023/,1'",,spmT_0001.nii,spmT_0002.nii,spmT_0003.nii,spmT_0004.nii
13,DEV024,/Users/benjaminsmith/Google Drive/oregon/data/DEV/nonbids_data/fMRI/fx/models/SST/wave1/posterror_conditions/sub-DEV024/,"'/Users/benjaminsmith/Google Drive/oregon/data/DEV/nonbids_data/fMRI/fx/models/SST/wave1/posterror_conditions/sub-DEV024/,1'",,spmT_0001.nii,spmT_0002.nii,spmT_0003.nii,spmT_0004.nii
14,DEV026,/Users/benjaminsmith/Google Drive/oregon/data/DEV/nonbids_data/fMRI/fx/models/SST/wave1/posterror_conditions/sub-DEV026/,"'/Users/benjaminsmith/Google Drive/oregon/data/DEV/nonbids_data/fMRI/fx/models/SST/wave1/posterror_conditions/sub-DEV026/,1'",,spmT_0001.nii,spmT_0002.nii,spmT_0003.nii,spmT_0004.nii
15,DEV027,/Users/benjaminsmith/Google Drive/oregon/data/DEV/nonbids_data/fMRI/fx/models/SST/wave1/posterror_conditions/sub-DEV027/,"'/Users/benjaminsmith/Google Drive/oregon/data/DEV/nonbids_data/fMRI/fx/models/SST/wave1/posterror_conditions/sub-DEV027/,1'",,spmT_0001.nii,spmT_0002.nii,spmT_0003.nii,spmT_0004.nii
16,DEV028,/Users/benjaminsmith/Google Drive/oregon/data/DEV/nonbids_data/fMRI/fx/models/SST/wave1/posterror_conditions/sub-DEV028/,"'/Users/benjaminsmith/Google Drive/oregon/data/DEV/nonbids_data/fMRI/fx/models/SST/wave1/posterror_conditions/sub-DEV028/,1'",,spmT_0001.nii,spmT_0002.nii,spmT_0003.nii,spmT_0004.nii
17,DEV029,/Users/benjaminsmith/Google Drive/oregon/data/DEV/nonbids_data/fMRI/fx/models/SST/wave1/posterror_conditions/sub-DEV029/,"'/Users/benjaminsmith/Google Drive/oregon/data/DEV/nonbids_data/fMRI/fx/models/SST/wave1/posterror_conditions/sub-DEV029/,1'",,spmT_0001.nii,spmT_0002.nii,spmT_0003.nii,spmT_0004.nii
18,DEV030,/Users/benjaminsmith/Google Drive/oregon/data/DEV/nonbids_data/fMRI/fx/models/SST/wave1/posterror_conditions/sub-DEV030/,"'/Users/benjaminsmith/Google Drive/oregon/data/DEV/nonbids_data/fMRI/fx/models/SST/wave1/posterror_conditions/sub-DEV030/,1'",,spmT_0001.nii,spmT_0002.nii,spmT_0003.nii,spmT_0004.nii
19,DEV031,/Users/benjaminsmith/Google Drive/oregon/data/DEV/nonbids_data/fMRI/fx/models/SST/wave1/posterror_conditions/sub-DEV031/,"'/Users/benjaminsmith/Google Drive/oregon/data/DEV/nonbids_data/fMRI/fx/models/SST/wave1/posterror_conditions/sub-DEV031/,1'",,spmT_0001.nii,spmT_0002.nii,spmT_0003.nii,spmT_0004.nii
20,DEV033,/Users/benjaminsmith/Google Drive/oregon/data/DEV/nonbids_data/fMRI/fx/models/SST/wave1/posterror_conditions/sub-DEV033/,"'/Users/benjaminsmith/Google Drive/oregon/data/DEV/nonbids_data/fMRI/fx/models/SST/wave1/posterror_conditions/sub-DEV033/,1'",,spmT_0001.nii,spmT_0002.nii,spmT_0003.nii,spmT_0004.nii
21,DEV034,/Users/benjaminsmith/Google Drive/oregon/data/DEV/nonbids_data/fMRI/fx/models/SST/wave1/posterror_conditions/sub-DEV034/,"'/Users/benjaminsmith/Google Drive/oregon/data/DEV/nonbids_data/fMRI/fx/models/SST/wave1/posterror_conditions/sub-DEV034/,1'",,spmT_0001.nii,spmT_0002.nii,spmT_0003.nii,spmT_0004.nii
22,DEV036,/Users/benjaminsmith/Google Drive/oregon/data/DEV/nonbids_data/fMRI/fx/models/SST/wave1/posterror_conditions/sub-DEV036/,"'/Users/benjaminsmith/Google Drive/oregon/data/DEV/nonbids_data/fMRI/fx/models/SST/wave1/posterror_conditions/sub-DEV036/,1'",,spmT_0001.nii,spmT_0002.nii,spmT_0003.nii,spmT_0004.nii
23,DEV037,/Users/benjaminsmith/Google Drive/oregon/data/DEV/nonbids_data/fMRI/fx/models/SST/wave1/posterror_conditions/sub-DEV037/,"'/Users/benjaminsmith/Google Drive/oregon/data/DEV/nonbids_data/fMRI/fx/models/SST/wave1/posterror_conditions/sub-DEV037/,1'",,spmT_0001.nii,spmT_0002.nii,spmT_0003.nii,spmT_0004.nii
24,DEV038,/Users/benjaminsmith/Google Drive/oregon/data/DEV/nonbids_data/fMRI/fx/models/SST/wave1/posterror_conditions/sub-DEV038/,"'/Users/benjaminsmith/Google Drive/oregon/data/DEV/nonbids_data/fMRI/fx/models/SST/wave1/posterror_conditions/sub-DEV038/,1'",,spmT_0001.nii,spmT_0002.nii,spmT_0003.nii,spmT_0004.nii
25,DEV040,/Users/benjaminsmith/Google Drive/oregon/data/DEV/nonbids_data/fMRI/fx/models/SST/wave1/posterror_conditions/sub-DEV040/,"'/Users/benjaminsmith/Google Drive/oregon/data/DEV/nonbids_data/fMRI/fx/models/SST/wave1/posterror_conditions/sub-DEV040/,1'",,spmT_0001.nii,spmT_0002.nii,spmT_0003.nii,spmT_0004.nii
26,DEV041,/Users/benjaminsmith/Google Drive/oregon/data/DEV/nonbids_data/fMRI/fx/models/SST/wave1/posterror_conditions/sub-DEV041/,"'/Users/benjaminsmith/Google Drive/oregon/data/DEV/nonbids_data/fMRI/fx/models/SST/wave1/posterror_conditions/sub-DEV041/,1'",,spmT_0001.nii,spmT_0002.nii,spmT_0003.nii,spmT_0004.nii
27,DEV042,/Users/benjaminsmith/Google Drive/oregon/data/DEV/nonbids_data/fMRI/fx/models/SST/wave1/posterror_conditions/sub-DEV042/,"'/Users/benjaminsmith/Google Drive/oregon/data/DEV/nonbids_data/fMRI/fx/models/SST/wave1/posterror_conditions/sub-DEV042/,1'",,spmT_0001.nii,spmT_0002.nii,spmT_0003.nii,spmT_0004.nii
28,DEV043,/Users/benjaminsmith/Google Drive/oregon/data/DEV/nonbids_data/fMRI/fx/models/SST/wave1/posterror_conditions/sub-DEV043/,"'/Users/benjaminsmith/Google Drive/oregon/data/DEV/nonbids_data/fMRI/fx/models/SST/wave1/posterror_conditions/sub-DEV043/,1'",,spmT_0001.nii,spmT_0002.nii,spmT_0003.nii,spmT_0004.nii
29,DEV044,/Users/benjaminsmith/Google Drive/oregon/data/DEV/nonbids_data/fMRI/fx/models/SST/wave1/posterror_conditions/sub-DEV044/,"'/Users/benjaminsmith/Google Drive/oregon/data/DEV/nonbids_data/fMRI/fx/models/SST/wave1/posterror_conditions/sub-DEV044/,1'",,spmT_0001.nii,spmT_0002.nii,spmT_0003.nii,spmT_0004.nii
30,DEV045,/Users/benjaminsmith/Google Drive/oregon/data/DEV/nonbids_data/fMRI/fx/models/SST/wave1/posterror_conditions/sub-DEV045/,"'/Users/benjaminsmith/Google Drive/oregon/data/DEV/nonbids_data/fMRI/fx/models/SST/wave1/posterror_conditions/sub-DEV045/,1'",,spmT_0001.nii,spmT_0002.nii,spmT_0003.nii,spmT_0004.nii
31,DEV046,/Users/benjaminsmith/Google Drive/oregon/data/DEV/nonbids_data/fMRI/fx/models/SST/wave1/posterror_conditions/sub-DEV046/,"'/Users/benjaminsmith/Google Drive/oregon/data/DEV/nonbids_data/fMRI/fx/models/SST/wave1/posterror_conditions/sub-DEV046/,1'",,spmT_0001.nii,spmT_0002.nii,spmT_0003.nii,spmT_0004.nii
32,DEV047,/Users/benjaminsmith/Google Drive/oregon/data/DEV/nonbids_data/fMRI/fx/models/SST/wave1/posterror_conditions/sub-DEV047/,"'/Users/benjaminsmith/Google Drive/oregon/data/DEV/nonbids_data/fMRI/fx/models/SST/wave1/posterror_conditions/sub-DEV047/,1'",,spmT_0001.nii,spmT_0002.nii,spmT_0003.nii,spmT_0004.nii
33,DEV048,/Users/benjaminsmith/Google Drive/oregon/data/DEV/nonbids_data/fMRI/fx/models/SST/wave1/posterror_conditions/sub-DEV048/,"'/Users/benjaminsmith/Google Drive/oregon/data/DEV/nonbids_data/fMRI/fx/models/SST/wave1/posterror_conditions/sub-DEV048/,1'",,spmT_0001.nii,spmT_0002.nii,spmT_0003.nii,spmT_0004.nii
34,DEV049,/Users/benjaminsmith/Google Drive/oregon/data/DEV/nonbids_data/fMRI/fx/models/SST/wave1/posterror_conditions/sub-DEV049/,"'/Users/benjaminsmith/Google Drive/oregon/data/DEV/nonbids_data/fMRI/fx/models/SST/wave1/posterror_conditions/sub-DEV049/,1'",,spmT_0001.nii,spmT_0002.nii,spmT_0003.nii,spmT_0004.nii
35,DEV051,/Users/benjaminsmith/Google Drive/oregon/data/DEV/nonbids_data/fMRI/fx/models/SST/wave1/posterror_conditions/sub-DEV051/,"'/Users/benjaminsmith/Google Drive/oregon/data/DEV/nonbids_data/fMRI/fx/models/SST/wave1/posterror_conditions/sub-DEV051/,1'",,spmT_0001.nii,spmT_0002.nii,spmT_0003.nii,spmT_0004.nii
36,DEV052,/Users/benjaminsmith/Google Drive/oregon/data/DEV/nonbids_data/fMRI/fx/models/SST/wave1/posterror_conditions/sub-DEV052/,"'/Users/benjaminsmith/Google Drive/oregon/data/DEV/nonbids_data/fMRI/fx/models/SST/wave1/posterror_conditions/sub-DEV052/,1'",,spmT_0001.nii,spmT_0002.nii,spmT_0003.nii,spmT_0004.nii
37,DEV053,/Users/benjaminsmith/Google Drive/oregon/data/DEV/nonbids_data/fMRI/fx/models/SST/wave1/posterror_conditions/sub-DEV053/,"'/Users/benjaminsmith/Google Drive/oregon/data/DEV/nonbids_data/fMRI/fx/models/SST/wave1/posterror_conditions/sub-DEV053/,1'",,spmT_0001.nii,spmT_0002.nii,spmT_0003.nii,spmT_0004.nii
38,DEV054,/Users/benjaminsmith/Google Drive/oregon/data/DEV/nonbids_data/fMRI/fx/models/SST/wave1/posterror_conditions/sub-DEV054/,"'/Users/benjaminsmith/Google Drive/oregon/data/DEV/nonbids_data/fMRI/fx/models/SST/wave1/posterror_conditions/sub-DEV054/,1'",,spmT_0001.nii,spmT_0002.nii,spmT_0003.nii,spmT_0004.nii
39,DEV055,/Users/benjaminsmith/Google Drive/oregon/data/DEV/nonbids_data/fMRI/fx/models/SST/wave1/posterror_conditions/sub-DEV055/,"'/Users/benjaminsmith/Google Drive/oregon/data/DEV/nonbids_data/fMRI/fx/models/SST/wave1/posterror_conditions/sub-DEV055/,1'",,spmT_0001.nii,spmT_0002.nii,spmT_0003.nii,spmT_0004.nii
40,DEV056,/Users/benjaminsmith/Google Drive/oregon/data/DEV/nonbids_data/fMRI/fx/models/SST/wave1/posterror_conditions/sub-DEV056/,"'/Users/benjaminsmith/Google Drive/oregon/data/DEV/nonbids_data/fMRI/fx/models/SST/wave1/posterror_conditions/sub-DEV056/,1'",,spmT_0001.nii,spmT_0002.nii,spmT_0003.nii,spmT_0004.nii
41,DEV057,/Users/benjaminsmith/Google Drive/oregon/data/DEV/nonbids_data/fMRI/fx/models/SST/wave1/posterror_conditions/sub-DEV057/,"'/Users/benjaminsmith/Google Drive/oregon/data/DEV/nonbids_data/fMRI/fx/models/SST/wave1/posterror_conditions/sub-DEV057/,1'",,spmT_0001.nii,spmT_0002.nii,spmT_0003.nii,spmT_0004.nii
42,DEV058,/Users/benjaminsmith/Google Drive/oregon/data/DEV/nonbids_data/fMRI/fx/models/SST/wave1/posterror_conditions/sub-DEV058/,"'/Users/benjaminsmith/Google Drive/oregon/data/DEV/nonbids_data/fMRI/fx/models/SST/wave1/posterror_conditions/sub-DEV058/,1'",,spmT_0001.nii,spmT_0002.nii,spmT_0003.nii,spmT_0004.nii
43,DEV059,/Users/benjaminsmith/Google Drive/oregon/data/DEV/nonbids_data/fMRI/fx/models/SST/wave1/posterror_conditions/sub-DEV059/,"'/Users/benjaminsmith/Google Drive/oregon/data/DEV/nonbids_data/fMRI/fx/models/SST/wave1/posterror_conditions/sub-DEV059/,1'",,spmT_0001.nii,spmT_0002.nii,spmT_0003.nii,spmT_0004.nii
44,DEV060,/Users/benjaminsmith/Google Drive/oregon/data/DEV/nonbids_data/fMRI/fx/models/SST/wave1/posterror_conditions/sub-DEV060/,"'/Users/benjaminsmith/Google Drive/oregon/data/DEV/nonbids_data/fMRI/fx/models/SST/wave1/posterror_conditions/sub-DEV060/,1'",,spmT_0001.nii,spmT_0002.nii,spmT_0003.nii,spmT_0004.nii
45,DEV062,/Users/benjaminsmith/Google Drive/oregon/data/DEV/nonbids_data/fMRI/fx/models/SST/wave1/posterror_conditions/sub-DEV062/,"'/Users/benjaminsmith/Google Drive/oregon/data/DEV/nonbids_data/fMRI/fx/models/SST/wave1/posterror_conditions/sub-DEV062/,1'",,spmT_0001.nii,spmT_0002.nii,spmT_0003.nii,spmT_0004.nii
46,DEV063,/Users/benjaminsmith/Google Drive/oregon/data/DEV/nonbids_data/fMRI/fx/models/SST/wave1/posterror_conditions/sub-DEV063/,"'/Users/benjaminsmith/Google Drive/oregon/data/DEV/nonbids_data/fMRI/fx/models/SST/wave1/posterror_conditions/sub-DEV063/,1'",,spmT_0001.nii,spmT_0002.nii,spmT_0003.nii,spmT_0004.nii
47,DEV065,/Users/benjaminsmith/Google Drive/oregon/data/DEV/nonbids_data/fMRI/fx/models/SST/wave1/posterror_conditions/sub-DEV065/,"'/Users/benjaminsmith/Google Drive/oregon/data/DEV/nonbids_data/fMRI/fx/models/SST/wave1/posterror_conditions/sub-DEV065/,1'",,spmT_0001.nii,spmT_0002.nii,spmT_0003.nii,spmT_0004.nii
48,DEV066,/Users/benjaminsmith/Google Drive/oregon/data/DEV/nonbids_data/fMRI/fx/models/SST/wave1/posterror_conditions/sub-DEV066/,"'/Users/benjaminsmith/Google Drive/oregon/data/DEV/nonbids_data/fMRI/fx/models/SST/wave1/posterror_conditions/sub-DEV066/,1'",,spmT_0001.nii,spmT_0002.nii,spmT_0003.nii,spmT_0004.nii
49,DEV067,/Users/benjaminsmith/Google Drive/oregon/data/DEV/nonbids_data/fMRI/fx/models/SST/wave1/posterror_conditions/sub-DEV067/,"'/Users/benjaminsmith/Google Drive/oregon/data/DEV/nonbids_data/fMRI/fx/models/SST/wave1/posterror_conditions/sub-DEV067/,1'",,spmT_0001.nii,spmT_0002.nii,spmT_0003.nii,spmT_0004.nii
50,DEV068,/Users/benjaminsmith/Google Drive/oregon/data/DEV/nonbids_data/fMRI/fx/models/SST/wave1/posterror_conditions/sub-DEV068/,"'/Users/benjaminsmith/Google Drive/oregon/data/DEV/nonbids_data/fMRI/fx/models/SST/wave1/posterror_conditions/sub-DEV068/,1'",,spmT_0001.nii,spmT_0002.nii,spmT_0003.nii,spmT_0004.nii
51,DEV070,/Users/benjaminsmith/Google Drive/oregon/data/DEV/nonbids_data/fMRI/fx/models/SST/wave1/posterror_conditions/sub-DEV070/,"'/Users/benjaminsmith/Google Drive/oregon/data/DEV/nonbids_data/fMRI/fx/models/SST/wave1/posterror_conditions/sub-DEV070/,1'",,spmT_0001.nii,spmT_0002.nii,spmT_0003.nii,spmT_0004.nii
52,DEV071,/Users/benjaminsmith/Google Drive/oregon/data/DEV/nonbids_data/fMRI/fx/models/SST/wave1/posterror_conditions/sub-DEV071/,"'/Users/benjaminsmith/Google Drive/oregon/data/DEV/nonbids_data/fMRI/fx/models/SST/wave1/posterror_conditions/sub-DEV071/,1'",,spmT_0001.nii,spmT_0002.nii,spmT_0003.nii,spmT_0004.nii
53,DEV072,/Users/benjaminsmith/Google Drive/oregon/data/DEV/nonbids_data/fMRI/fx/models/SST/wave1/posterror_conditions/sub-DEV072/,"'/Users/benjaminsmith/Google Drive/oregon/data/DEV/nonbids_data/fMRI/fx/models/SST/wave1/posterror_conditions/sub-DEV072/,1'",,spmT_0001.nii,spmT_0002.nii,spmT_0003.nii,spmT_0004.nii
54,DEV073,/Users/benjaminsmith/Google Drive/oregon/data/DEV/nonbids_data/fMRI/fx/models/SST/wave1/posterror_conditions/sub-DEV073/,"'/Users/benjaminsmith/Google Drive/oregon/data/DEV/nonbids_data/fMRI/fx/models/SST/wave1/posterror_conditions/sub-DEV073/,1'",,spmT_0001.nii,spmT_0002.nii,spmT_0003.nii,spmT_0004.nii
55,DEV074,/Users/benjaminsmith/Google Drive/oregon/data/DEV/nonbids_data/fMRI/fx/models/SST/wave1/posterror_conditions/sub-DEV074/,"'/Users/benjaminsmith/Google Drive/oregon/data/DEV/nonbids_data/fMRI/fx/models/SST/wave1/posterror_conditions/sub-DEV074/,1'",,spmT_0001.nii,spmT_0002.nii,spmT_0003.nii,spmT_0004.nii
56,DEV075,/Users/benjaminsmith/Google Drive/oregon/data/DEV/nonbids_data/fMRI/fx/models/SST/wave1/posterror_conditions/sub-DEV075/,"'/Users/benjaminsmith/Google Drive/oregon/data/DEV/nonbids_data/fMRI/fx/models/SST/wave1/posterror_conditions/sub-DEV075/,1'",,spmT_0001.nii,spmT_0002.nii,spmT_0003.nii,spmT_0004.nii
57,DEV076,/Users/benjaminsmith/Google Drive/oregon/data/DEV/nonbids_data/fMRI/fx/models/SST/wave1/posterror_conditions/sub-DEV076/,"'/Users/benjaminsmith/Google Drive/oregon/data/DEV/nonbids_data/fMRI/fx/models/SST/wave1/posterror_conditions/sub-DEV076/,1'",,spmT_0001.nii,spmT_0002.nii,spmT_0003.nii,spmT_0004.nii
58,DEV077,/Users/benjaminsmith/Google Drive/oregon/data/DEV/nonbids_data/fMRI/fx/models/SST/wave1/posterror_conditions/sub-DEV077/,"'/Users/benjaminsmith/Google Drive/oregon/data/DEV/nonbids_data/fMRI/fx/models/SST/wave1/posterror_conditions/sub-DEV077/,1'",,spmT_0001.nii,spmT_0002.nii,spmT_0003.nii,spmT_0004.nii
59,DEV078,/Users/benjaminsmith/Google Drive/oregon/data/DEV/nonbids_data/fMRI/fx/models/SST/wave1/posterror_conditions/sub-DEV078/,"'/Users/benjaminsmith/Google Drive/oregon/data/DEV/nonbids_data/fMRI/fx/models/SST/wave1/posterror_conditions/sub-DEV078/,1'",,spmT_0001.nii,spmT_0002.nii,spmT_0003.nii,spmT_0004.nii
60,DEV079,/Users/benjaminsmith/Google Drive/oregon/data/DEV/nonbids_data/fMRI/fx/models/SST/wave1/posterror_conditions/sub-DEV079/,"'/Users/benjaminsmith/Google Drive/oregon/data/DEV/nonbids_data/fMRI/fx/models/SST/wave1/posterror_conditions/sub-DEV079/,1'",,spmT_0001.nii,spmT_0002.nii,spmT_0003.nii,spmT_0004.nii
61,DEV080,/Users/benjaminsmith/Google Drive/oregon/data/DEV/nonbids_data/fMRI/fx/models/SST/wave1/posterror_conditions/sub-DEV080/,"'/Users/benjaminsmith/Google Drive/oregon/data/DEV/nonbids_data/fMRI/fx/models/SST/wave1/posterror_conditions/sub-DEV080/,1'",,spmT_0001.nii,spmT_0002.nii,spmT_0003.nii,spmT_0004.nii
62,DEV081,/Users/benjaminsmith/Google Drive/oregon/data/DEV/nonbids_data/fMRI/fx/models/SST/wave1/posterror_conditions/sub-DEV081/,"'/Users/benjaminsmith/Google Drive/oregon/data/DEV/nonbids_data/fMRI/fx/models/SST/wave1/posterror_conditions/sub-DEV081/,1'",,spmT_0001.nii,spmT_0002.nii,spmT_0003.nii,spmT_0004.nii
63,DEV082,/Users/benjaminsmith/Google Drive/oregon/data/DEV/nonbids_data/fMRI/fx/models/SST/wave1/posterror_conditions/sub-DEV082/,"'/Users/benjaminsmith/Google Drive/oregon/data/DEV/nonbids_data/fMRI/fx/models/SST/wave1/posterror_conditions/sub-DEV082/,1'",,spmT_0001.nii,spmT_0002.nii,spmT_0003.nii,spmT_0004.nii
64,DEV083,/Users/benjaminsmith/Google Drive/oregon/data/DEV/nonbids_data/fMRI/fx/models/SST/wave1/posterror_conditions/sub-DEV083/,"'/Users/benjaminsmith/Google Drive/oregon/data/DEV/nonbids_data/fMRI/fx/models/SST/wave1/posterror_conditions/sub-DEV083/,1'",,spmT_0001.nii,spmT_0002.nii,spmT_0003.nii,spmT_0004.nii
65,DEV084,/Users/benjaminsmith/Google Drive/oregon/data/DEV/nonbids_data/fMRI/fx/models/SST/wave1/posterror_conditions/sub-DEV084/,"'/Users/benjaminsmith/Google Drive/oregon/data/DEV/nonbids_data/fMRI/fx/models/SST/wave1/posterror_conditions/sub-DEV084/,1'",,spmT_0001.nii,spmT_0002.nii,spmT_0003.nii,spmT_0004.nii
66,DEV085,/Users/benjaminsmith/Google Drive/oregon/data/DEV/nonbids_data/fMRI/fx/models/SST/wave1/posterror_conditions/sub-DEV085/,"'/Users/benjaminsmith/Google Drive/oregon/data/DEV/nonbids_data/fMRI/fx/models/SST/wave1/posterror_conditions/sub-DEV085/,1'",,spmT_0001.nii,spmT_0002.nii,spmT_0003.nii,spmT_0004.nii
67,DEV086,/Users/benjaminsmith/Google Drive/oregon/data/DEV/nonbids_data/fMRI/fx/models/SST/wave1/posterror_conditions/sub-DEV086/,"'/Users/benjaminsmith/Google Drive/oregon/data/DEV/nonbids_data/fMRI/fx/models/SST/wave1/posterror_conditions/sub-DEV086/,1'",,spmT_0001.nii,spmT_0002.nii,spmT_0003.nii,spmT_0004.nii
68,DEV087,/Users/benjaminsmith/Google Drive/oregon/data/DEV/nonbids_data/fMRI/fx/models/SST/wave1/posterror_conditions/sub-DEV087/,"'/Users/benjaminsmith/Google Drive/oregon/data/DEV/nonbids_data/fMRI/fx/models/SST/wave1/posterror_conditions/sub-DEV087/,1'",,spmT_0001.nii,spmT_0002.nii,spmT_0003.nii,spmT_0004.nii
69,DEV088,/Users/benjaminsmith/Google Drive/oregon/data/DEV/nonbids_data/fMRI/fx/models/SST/wave1/posterror_conditions/sub-DEV088/,"'/Users/benjaminsmith/Google Drive/oregon/data/DEV/nonbids_data/fMRI/fx/models/SST/wave1/posterror_conditions/sub-DEV088/,1'",,spmT_0001.nii,spmT_0002.nii,spmT_0003.nii,spmT_0004.nii
70,DEV089,/Users/benjaminsmith/Google Drive/oregon/data/DEV/nonbids_data/fMRI/fx/models/SST/wave1/posterror_conditions/sub-DEV089/,"'/Users/benjaminsmith/Google Drive/oregon/data/DEV/nonbids_data/fMRI/fx/models/SST/wave1/posterror_conditions/sub-DEV089/,1'",,spmT_0001.nii,spmT_0002.nii,spmT_0003.nii,spmT_0004.nii
71,DEV090,/Users/benjaminsmith/Google Drive/oregon/data/DEV/nonbids_data/fMRI/fx/models/SST/wave1/posterror_conditions/sub-DEV090/,"'/Users/benjaminsmith/Google Drive/oregon/data/DEV/nonbids_data/fMRI/fx/models/SST/wave1/posterror_conditions/sub-DEV090/,1'",,spmT_0001.nii,spmT_0002.nii,spmT_0003.nii,spmT_0004.nii
72,DEV093,/Users/benjaminsmith/Google Drive/oregon/data/DEV/nonbids_data/fMRI/fx/models/SST/wave1/posterror_conditions/sub-DEV093/,"'/Users/benjaminsmith/Google Drive/oregon/data/DEV/nonbids_data/fMRI/fx/models/SST/wave1/posterror_conditions/sub-DEV093/,1'",,spmT_0001.nii,spmT_0002.nii,spmT_0003.nii,spmT_0004.nii
73,DEV094,/Users/benjaminsmith/Google Drive/oregon/data/DEV/nonbids_data/fMRI/fx/models/SST/wave1/posterror_conditions/sub-DEV094/,"'/Users/benjaminsmith/Google Drive/oregon/data/DEV/nonbids_data/fMRI/fx/models/SST/wave1/posterror_conditions/sub-DEV094/,1'",,,,,
74,DEV095,/Users/benjaminsmith/Google Drive/oregon/data/DEV/nonbids_data/fMRI/fx/models/SST/wave1/posterror_conditions/sub-DEV095/,"'/Users/benjaminsmith/Google Drive/oregon/data/DEV/nonbids_data/fMRI/fx/models/SST/wave1/posterror_conditions/sub-DEV095/,1'",,spmT_0001.nii,spmT_0002.nii,spmT_0003.nii,spmT_0004.nii
75,DEV096,/Users/benjaminsmith/Google Drive/oregon/data/DEV/nonbids_data/fMRI/fx/models/SST/wave1/posterror_conditions/sub-DEV096/,"'/Users/benjaminsmith/Google Drive/oregon/data/DEV/nonbids_data/fMRI/fx/models/SST/wave1/posterror_conditions/sub-DEV096/,1'",,spmT_0001.nii,spmT_0002.nii,spmT_0003.nii,spmT_0004.nii
76,DEV097,/Users/benjaminsmith/Google Drive/oregon/data/DEV/nonbids_data/fMRI/fx/models/SST/wave1/posterror_conditions/sub-DEV097/,"'/Users/benjaminsmith/Google Drive/oregon/data/DEV/nonbids_data/fMRI/fx/models/SST/wave1/posterror_conditions/sub-DEV097/,1'",,spmT_0001.nii,spmT_0002.nii,spmT_0003.nii,spmT_0004.nii
77,DEV099,/Users/benjaminsmith/Google Drive/oregon/data/DEV/nonbids_data/fMRI/fx/models/SST/wave1/posterror_conditions/sub-DEV099/,"'/Users/benjaminsmith/Google Drive/oregon/data/DEV/nonbids_data/fMRI/fx/models/SST/wave1/posterror_conditions/sub-DEV099/,1'",,spmT_0001.nii,spmT_0002.nii,spmT_0003.nii,spmT_0004.nii
78,DEV100,/Users/benjaminsmith/Google Drive/oregon/data/DEV/nonbids_data/fMRI/fx/models/SST/wave1/posterror_conditions/sub-DEV100/,"'/Users/benjaminsmith/Google Drive/oregon/data/DEV/nonbids_data/fMRI/fx/models/SST/wave1/posterror_conditions/sub-DEV100/,1'",,spmT_0001.nii,spmT_0002.nii,spmT_0003.nii,spmT_0004.nii
79,DEV102,/Users/benjaminsmith/Google Drive/oregon/data/DEV/nonbids_data/fMRI/fx/models/SST/wave1/posterror_conditions/sub-DEV102/,"'/Users/benjaminsmith/Google Drive/oregon/data/DEV/nonbids_data/fMRI/fx/models/SST/wave1/posterror_conditions/sub-DEV102/,1'",,spmT_0001.nii,spmT_0002.nii,spmT_0003.nii,spmT_0004.nii
80,DEV103,/Users/benjaminsmith/Google Drive/oregon/data/DEV/nonbids_data/fMRI/fx/models/SST/wave1/posterror_conditions/sub-DEV103/,"'/Users/benjaminsmith/Google Drive/oregon/data/DEV/nonbids_data/fMRI/fx/models/SST/wave1/posterror_conditions/sub-DEV103/,1'",,spmT_0001.nii,spmT_0002.nii,spmT_0003.nii,spmT_0004.nii
81,DEV104,/Users/benjaminsmith/Google Drive/oregon/data/DEV/nonbids_data/fMRI/fx/models/SST/wave1/posterror_conditions/sub-DEV104/,"'/Users/benjaminsmith/Google Drive/oregon/data/DEV/nonbids_data/fMRI/fx/models/SST/wave1/posterror_conditions/sub-DEV104/,1'",,spmT_0001.nii,spmT_0002.nii,spmT_0003.nii,spmT_0004.nii
82,DEV105,/Users/benjaminsmith/Google Drive/oregon/data/DEV/nonbids_data/fMRI/fx/models/SST/wave1/posterror_conditions/sub-DEV105/,"'/Users/benjaminsmith/Google Drive/oregon/data/DEV/nonbids_data/fMRI/fx/models/SST/wave1/posterror_conditions/sub-DEV105/,1'",,spmT_0001.nii,spmT_0002.nii,spmT_0003.nii,spmT_0004.nii
83,DEV106,/Users/benjaminsmith/Google Drive/oregon/data/DEV/nonbids_data/fMRI/fx/models/SST/wave1/posterror_conditions/sub-DEV106/,"'/Users/benjaminsmith/Google Drive/oregon/data/DEV/nonbids_data/fMRI/fx/models/SST/wave1/posterror_conditions/sub-DEV106/,1'",,spmT_0001.nii,spmT_0002.nii,spmT_0003.nii,spmT_0004.nii
84,DEV107,/Users/benjaminsmith/Google Drive/oregon/data/DEV/nonbids_data/fMRI/fx/models/SST/wave1/posterror_conditions/sub-DEV107/,"'/Users/benjaminsmith/Google Drive/oregon/data/DEV/nonbids_data/fMRI/fx/models/SST/wave1/posterror_conditions/sub-DEV107/,1'",,spmT_0001.nii,spmT_0002.nii,spmT_0003.nii,spmT_0004.nii
85,DEV108,/Users/benjaminsmith/Google Drive/oregon/data/DEV/nonbids_data/fMRI/fx/models/SST/wave1/posterror_conditions/sub-DEV108/,"'/Users/benjaminsmith/Google Drive/oregon/data/DEV/nonbids_data/fMRI/fx/models/SST/wave1/posterror_conditions/sub-DEV108/,1'",,spmT_0001.nii,spmT_0002.nii,spmT_0003.nii,spmT_0004.nii
86,DEV109,/Users/benjaminsmith/Google Drive/oregon/data/DEV/nonbids_data/fMRI/fx/models/SST/wave1/posterror_conditions/sub-DEV109/,"'/Users/benjaminsmith/Google Drive/oregon/data/DEV/nonbids_data/fMRI/fx/models/SST/wave1/posterror_conditions/sub-DEV109/,1'",,spmT_0001.nii,spmT_0002.nii,spmT_0003.nii,spmT_0004.nii
87,DEV110,/Users/benjaminsmith/Google Drive/oregon/data/DEV/nonbids_data/fMRI/fx/models/SST/wave1/posterror_conditions/sub-DEV110/,"'/Users/benjaminsmith/Google Drive/oregon/data/DEV/nonbids_data/fMRI/fx/models/SST/wave1/posterror_conditions/sub-DEV110/,1'",,spmT_0001.nii,spmT_0002.nii,spmT_0003.nii,spmT_0004.nii
88,DEV111,/Users/benjaminsmith/Google Drive/oregon/data/DEV/nonbids_data/fMRI/fx/models/SST/wave1/posterror_conditions/sub-DEV111/,"'/Users/benjaminsmith/Google Drive/oregon/data/DEV/nonbids_data/fMRI/fx/models/SST/wave1/posterror_conditions/sub-DEV111/,1'",,spmT_0001.nii,spmT_0002.nii,spmT_0003.nii,spmT_0004.nii
89,DEV112,/Users/benjaminsmith/Google Drive/oregon/data/DEV/nonbids_data/fMRI/fx/models/SST/wave1/posterror_conditions/sub-DEV112/,"'/Users/benjaminsmith/Google Drive/oregon/data/DEV/nonbids_data/fMRI/fx/models/SST/wave1/posterror_conditions/sub-DEV112/,1'",,spmT_0001.nii,spmT_0002.nii,spmT_0003.nii,spmT_0004.nii
90,DEV113,/Users/benjaminsmith/Google Drive/oregon/data/DEV/nonbids_data/fMRI/fx/models/SST/wave1/posterror_conditions/sub-DEV113/,"'/Users/benjaminsmith/Google Drive/oregon/data/DEV/nonbids_data/fMRI/fx/models/SST/wave1/posterror_conditions/sub-DEV113/,1'",,spmT_0001.nii,spmT_0002.nii,spmT_0003.nii,spmT_0004.nii
91,DEV114,/Users/benjaminsmith/Google Drive/oregon/data/DEV/nonbids_data/fMRI/fx/models/SST/wave1/posterror_conditions/sub-DEV114/,"'/Users/benjaminsmith/Google Drive/oregon/data/DEV/nonbids_data/fMRI/fx/models/SST/wave1/posterror_conditions/sub-DEV114/,1'",,spmT_0001.nii,spmT_0002.nii,spmT_0003.nii,spmT_0004.nii
92,DEV115,/Users/benjaminsmith/Google Drive/oregon/data/DEV/nonbids_data/fMRI/fx/models/SST/wave1/posterror_conditions/sub-DEV115/,"'/Users/benjaminsmith/Google Drive/oregon/data/DEV/nonbids_data/fMRI/fx/models/SST/wave1/posterror_conditions/sub-DEV115/,1'",,spmT_0001.nii,spmT_0002.nii,spmT_0003.nii,spmT_0004.nii
93,DEV116,/Users/benjaminsmith/Google Drive/oregon/data/DEV/nonbids_data/fMRI/fx/models/SST/wave1/posterror_conditions/sub-DEV116/,"'/Users/benjaminsmith/Google Drive/oregon/data/DEV/nonbids_data/fMRI/fx/models/SST/wave1/posterror_conditions/sub-DEV116/,1'",,spmT_0001.nii,spmT_0002.nii,spmT_0003.nii,spmT_0004.nii
94,DEV117,/Users/benjaminsmith/Google Drive/oregon/data/DEV/nonbids_data/fMRI/fx/models/SST/wave1/posterror_conditions/sub-DEV117/,"'/Users/benjaminsmith/Google Drive/oregon/data/DEV/nonbids_data/fMRI/fx/models/SST/wave1/posterror_conditions/sub-DEV117/,1'",,spmT_0001.nii,spmT_0002.nii,spmT_0003.nii,spmT_0004.nii
95,DEV118,/Users/benjaminsmith/Google Drive/oregon/data/DEV/nonbids_data/fMRI/fx/models/SST/wave1/posterror_conditions/sub-DEV118/,"'/Users/benjaminsmith/Google Drive/oregon/data/DEV/nonbids_data/fMRI/fx/models/SST/wave1/posterror_conditions/sub-DEV118/,1'",,spmT_0001.nii,spmT_0002.nii,spmT_0003.nii,spmT_0004.nii
96,DEV119,/Users/benjaminsmith/Google Drive/oregon/data/DEV/nonbids_data/fMRI/fx/models/SST/wave1/posterror_conditions/sub-DEV119/,"'/Users/benjaminsmith/Google Drive/oregon/data/DEV/nonbids_data/fMRI/fx/models/SST/wave1/posterror_conditions/sub-DEV119/,1'",,spmT_0001.nii,spmT_0002.nii,spmT_0003.nii,spmT_0004.nii
97,DEV120,/Users/benjaminsmith/Google Drive/oregon/data/DEV/nonbids_data/fMRI/fx/models/SST/wave1/posterror_conditions/sub-DEV120/,"'/Users/benjaminsmith/Google Drive/oregon/data/DEV/nonbids_data/fMRI/fx/models/SST/wave1/posterror_conditions/sub-DEV120/,1'",,spmT_0001.nii,spmT_0002.nii,spmT_0003.nii,spmT_0004.nii
98,DEV121,/Users/benjaminsmith/Google Drive/oregon/data/DEV/nonbids_data/fMRI/fx/models/SST/wave1/posterror_conditions/sub-DEV121/,"'/Users/benjaminsmith/Google Drive/oregon/data/DEV/nonbids_data/fMRI/fx/models/SST/wave1/posterror_conditions/sub-DEV121/,1'",,spmT_0001.nii,spmT_0002.nii,spmT_0003.nii,spmT_0004.nii
99,DEV122,/Users/benjaminsmith/Google Drive/oregon/data/DEV/nonbids_data/fMRI/fx/models/SST/wave1/posterror_conditions/sub-DEV122/,"'/Users/benjaminsmith/Google Drive/oregon/data/DEV/nonbids_data/fMRI/fx/models/SST/wave1/posterror_conditions/sub-DEV122/,1'",,spmT_0001.nii,spmT_0002.nii,spmT_0003.nii,spmT_0004.nii
100,DEV123,/Users/benjaminsmith/Google Drive/oregon/data/DEV/nonbids_data/fMRI/fx/models/SST/wave1/posterror_conditions/sub-DEV123/,"'/Users/benjaminsmith/Google Drive/oregon/data/DEV/nonbids_data/fMRI/fx/models/SST/wave1/posterror_conditions/sub-DEV123/,1'",,spmT_0001.nii,spmT_0002.nii,spmT_0003.nii,spmT_0004.nii
101,DEV124,/Users/benjaminsmith/Google Drive/oregon/data/DEV/nonbids_data/fMRI/fx/models/SST/wave1/posterror_conditions/sub-DEV124/,"'/Users/benjaminsmith/Google Drive/oregon/data/DEV/nonbids_data/fMRI/fx/models/SST/wave1/posterror_conditions/sub-DEV124/,1'",,spmT_0001.nii,spmT_0002.nii,spmT_0003.nii,spmT_0004.nii
102,DEV127,/Users/benjaminsmith/Google Drive/oregon/data/DEV/nonbids_data/fMRI/fx/models/SST/wave1/posterror_conditions/sub-DEV127/,"'/Users/benjaminsmith/Google Drive/oregon/data/DEV/nonbids_data/fMRI/fx/models/SST/wave1/posterror_conditions/sub-DEV127/,1'",,spmT_0001.nii,spmT_0002.nii,spmT_0003.nii,spmT_0004.nii
103,DEV128,/Users/benjaminsmith/Google Drive/oregon/data/DEV/nonbids_data/fMRI/fx/models/SST/wave1/posterror_conditions/sub-DEV128/,"'/Users/benjaminsmith/Google Drive/oregon/data/DEV/nonbids_data/fMRI/fx/models/SST/wave1/posterror_conditions/sub-DEV128/,1'",,spmT_0001.nii,spmT_0002.nii,spmT_0003.nii,spmT_0004.nii
104,DEV129,/Users/benjaminsmith/Google Drive/oregon/data/DEV/nonbids_data/fMRI/fx/models/SST/wave1/posterror_conditions/sub-DEV129/,"'/Users/benjaminsmith/Google Drive/oregon/data/DEV/nonbids_data/fMRI/fx/models/SST/wave1/posterror_conditions/sub-DEV129/,1'",,spmT_0001.nii,spmT_0002.nii,spmT_0003.nii,spmT_0004.nii
105,DEV130,/Users/benjaminsmith/Google Drive/oregon/data/DEV/nonbids_data/fMRI/fx/models/SST/wave1/posterror_conditions/sub-DEV130/,"'/Users/benjaminsmith/Google Drive/oregon/data/DEV/nonbids_data/fMRI/fx/models/SST/wave1/posterror_conditions/sub-DEV130/,1'",,spmT_0001.nii,spmT_0002.nii,spmT_0003.nii,spmT_0004.nii
106,DEV131,/Users/benjaminsmith/Google Drive/oregon/data/DEV/nonbids_data/fMRI/fx/models/SST/wave1/posterror_conditions/sub-DEV131/,"'/Users/benjaminsmith/Google Drive/oregon/data/DEV/nonbids_data/fMRI/fx/models/SST/wave1/posterror_conditions/sub-DEV131/,1'",,spmT_0001.nii,spmT_0002.nii,spmT_0003.nii,spmT_0004.nii
107,DEV132,/Users/benjaminsmith/Google Drive/oregon/data/DEV/nonbids_data/fMRI/fx/models/SST/wave1/posterror_conditions/sub-DEV132/,"'/Users/benjaminsmith/Google Drive/oregon/data/DEV/nonbids_data/fMRI/fx/models/SST/wave1/posterror_conditions/sub-DEV132/,1'",,spmT_0001.nii,spmT_0002.nii,spmT_0003.nii,spmT_0004.nii
108,DEV133,/Users/benjaminsmith/Google Drive/oregon/data/DEV/nonbids_data/fMRI/fx/models/SST/wave1/posterror_conditions/sub-DEV133/,"'/Users/benjaminsmith/Google Drive/oregon/data/DEV/nonbids_data/fMRI/fx/models/SST/wave1/posterror_conditions/sub-DEV133/,1'",,spmT_0001.nii,spmT_0002.nii,spmT_0003.nii,spmT_0004.nii
109,DEV134,/Users/benjaminsmith/Google Drive/oregon/data/DEV/nonbids_data/fMRI/fx/models/SST/wave1/posterror_conditions/sub-DEV134/,"'/Users/benjaminsmith/Google Drive/oregon/data/DEV/nonbids_data/fMRI/fx/models/SST/wave1/posterror_conditions/sub-DEV134/,1'",,spmT_0001.nii,spmT_0002.nii,spmT_0003.nii,spmT_0004.nii
110,DEV135,/Users/benjaminsmith/Google Drive/oregon/data/DEV/nonbids_data/fMRI/fx/models/SST/wave1/posterror_conditions/sub-DEV135/,"'/Users/benjaminsmith/Google Drive/oregon/data/DEV/nonbids_data/fMRI/fx/models/SST/wave1/posterror_conditions/sub-DEV135/,1'",,spmT_0001.nii,spmT_0002.nii,spmT_0003.nii,spmT_0004.nii
111,DEV139,/Users/benjaminsmith/Google Drive/oregon/data/DEV/nonbids_data/fMRI/fx/models/SST/wave1/posterror_conditions/sub-DEV139/,"'/Users/benjaminsmith/Google Drive/oregon/data/DEV/nonbids_data/fMRI/fx/models/SST/wave1/posterror_conditions/sub-DEV139/,1'",,spmT_0001.nii,spmT_0002.nii,spmT_0003.nii,spmT_0004.nii
112,DEV140,/Users/benjaminsmith/Google Drive/oregon/data/DEV/nonbids_data/fMRI/fx/models/SST/wave1/posterror_conditions/sub-DEV140/,"'/Users/benjaminsmith/Google Drive/oregon/data/DEV/nonbids_data/fMRI/fx/models/SST/wave1/posterror_conditions/sub-DEV140/,1'",,spmT_0001.nii,spmT_0002.nii,spmT_0003.nii,spmT_0004.nii
113,DEV141,/Users/benjaminsmith/Google Drive/oregon/data/DEV/nonbids_data/fMRI/fx/models/SST/wave1/posterror_conditions/sub-DEV141/,"'/Users/benjaminsmith/Google Drive/oregon/data/DEV/nonbids_data/fMRI/fx/models/SST/wave1/posterror_conditions/sub-DEV141/,1'",,spmT_0001.nii,spmT_0002.nii,spmT_0003.nii,spmT_0004.nii
114,DEV144,/Users/benjaminsmith/Google Drive/oregon/data/DEV/nonbids_data/fMRI/fx/models/SST/wave1/posterror_conditions/sub-DEV144/,"'/Users/benjaminsmith/Google Drive/oregon/data/DEV/nonbids_data/fMRI/fx/models/SST/wave1/posterror_conditions/sub-DEV144/,1'",,spmT_0001.nii,spmT_0002.nii,spmT_0003.nii,spmT_0004.nii
115,DEV145,/Users/benjaminsmith/Google Drive/oregon/data/DEV/nonbids_data/fMRI/fx/models/SST/wave1/posterror_conditions/sub-DEV145/,"'/Users/benjaminsmith/Google Drive/oregon/data/DEV/nonbids_data/fMRI/fx/models/SST/wave1/posterror_conditions/sub-DEV145/,1'",,spmT_0001.nii,spmT_0002.nii,spmT_0003.nii,spmT_0004.nii
116,DEV147,/Users/benjaminsmith/Google Drive/oregon/data/DEV/nonbids_data/fMRI/fx/models/SST/wave1/posterror_conditions/sub-DEV147/,"'/Users/benjaminsmith/Google Drive/oregon/data/DEV/nonbids_data/fMRI/fx/models/SST/wave1/posterror_conditions/sub-DEV147/,1'",,spmT_0001.nii,spmT_0002.nii,spmT_0003.nii,spmT_0004.nii
117,DEV149,/Users/benjaminsmith/Google Drive/oregon/data/DEV/nonbids_data/fMRI/fx/models/SST/wave1/posterror_conditions/sub-DEV149/,"'/Users/benjaminsmith/Google Drive/oregon/data/DEV/nonbids_data/fMRI/fx/models/SST/wave1/posterror_conditions/sub-DEV149/,1'",,spmT_0001.nii,spmT_0002.nii,spmT_0003.nii,spmT_0004.nii
118,DEV150,/Users/benjaminsmith/Google Drive/oregon/data/DEV/nonbids_data/fMRI/fx/models/SST/wave1/posterror_conditions/sub-DEV150/,"'/Users/benjaminsmith/Google Drive/oregon/data/DEV/nonbids_data/fMRI/fx/models/SST/wave1/posterror_conditions/sub-DEV150/,1'",,spmT_0001.nii,spmT_0002.nii,spmT_0003.nii,spmT_0004.nii
119,DEV151,/Users/benjaminsmith/Google Drive/oregon/data/DEV/nonbids_data/fMRI/fx/models/SST/wave1/posterror_conditions/sub-DEV151/,"'/Users/benjaminsmith/Google Drive/oregon/data/DEV/nonbids_data/fMRI/fx/models/SST/wave1/posterror_conditions/sub-DEV151/,1'",,spmT_0001.nii,spmT_0002.nii,spmT_0003.nii,spmT_0004.nii
120,DEV152,/Users/benjaminsmith/Google Drive/oregon/data/DEV/nonbids_data/fMRI/fx/models/SST/wave1/posterror_conditions/sub-DEV152/,"'/Users/benjaminsmith/Google Drive/oregon/data/DEV/nonbids_data/fMRI/fx/models/SST/wave1/posterror_conditions/sub-DEV152/,1'",,spmT_0001.nii,spmT_0002.nii,spmT_0003.nii,spmT_0004.nii
121,DEV153,/Users/benjaminsmith/Google Drive/oregon/data/DEV/nonbids_data/fMRI/fx/models/SST/wave1/posterror_conditions/sub-DEV153/,"'/Users/benjaminsmith/Google Drive/oregon/data/DEV/nonbids_data/fMRI/fx/models/SST/wave1/posterror_conditions/sub-DEV153/,1'",,spmT_0001.nii,spmT_0002.nii,spmT_0003.nii,spmT_0004.nii
122,DEV154,/Users/benjaminsmith/Google Drive/oregon/data/DEV/nonbids_data/fMRI/fx/models/SST/wave1/posterror_conditions/sub-DEV154/,"'/Users/benjaminsmith/Google Drive/oregon/data/DEV/nonbids_data/fMRI/fx/models/SST/wave1/posterror_conditions/sub-DEV154/,1'",,spmT_0001.nii,spmT_0002.nii,spmT_0003.nii,spmT_0004.nii
123,DEV155,/Users/benjaminsmith/Google Drive/oregon/data/DEV/nonbids_data/fMRI/fx/models/SST/wave1/posterror_conditions/sub-DEV155/,"'/Users/benjaminsmith/Google Drive/oregon/data/DEV/nonbids_data/fMRI/fx/models/SST/wave1/posterror_conditions/sub-DEV155/,1'",,spmT_0001.nii,spmT_0002.nii,spmT_0003.nii,spmT_0004.nii
124,DEV156,/Users/benjaminsmith/Google Drive/oregon/data/DEV/nonbids_data/fMRI/fx/models/SST/wave1/posterror_conditions/sub-DEV156/,"'/Users/benjaminsmith/Google Drive/oregon/data/DEV/nonbids_data/fMRI/fx/models/SST/wave1/posterror_conditions/sub-DEV156/,1'",,spmT_0001.nii,spmT_0002.nii,spmT_0003.nii,spmT_0004.nii
125,DEV157,/Users/benjaminsmith/Google Drive/oregon/data/DEV/nonbids_data/fMRI/fx/models/SST/wave1/posterror_conditions/sub-DEV157/,"'/Users/benjaminsmith/Google Drive/oregon/data/DEV/nonbids_data/fMRI/fx/models/SST/wave1/posterror_conditions/sub-DEV157/,1'",,spmT_0001.nii,spmT_0002.nii,spmT_0003.nii,spmT_0004.nii
126,DEV158,/Users/benjaminsmith/Google Drive/oregon/data/DEV/nonbids_data/fMRI/fx/models/SST/wave1/posterror_conditions/sub-DEV158/,"'/Users/benjaminsmith/Google Drive/oregon/data/DEV/nonbids_data/fMRI/fx/models/SST/wave1/posterror_conditions/sub-DEV158/,1'",,spmT_0001.nii,spmT_0002.nii,spmT_0003.nii,spmT_0004.nii
127,DEV159,/Users/benjaminsmith/Google Drive/oregon/data/DEV/nonbids_data/fMRI/fx/models/SST/wave1/posterror_conditions/sub-DEV159/,"'/Users/benjaminsmith/Google Drive/oregon/data/DEV/nonbids_data/fMRI/fx/models/SST/wave1/posterror_conditions/sub-DEV159/,1'",,spmT_0001.nii,spmT_0002.nii,spmT_0003.nii,spmT_0004.nii
128,DEV161,/Users/benjaminsmith/Google Drive/oregon/data/DEV/nonbids_data/fMRI/fx/models/SST/wave1/posterror_conditions/sub-DEV161/,"'/Users/benjaminsmith/Google Drive/oregon/data/DEV/nonbids_data/fMRI/fx/models/SST/wave1/posterror_conditions/sub-DEV161/,1'",,spmT_0001.nii,spmT_0002.nii,spmT_0003.nii,spmT_0004.nii
129,DEV164,/Users/benjaminsmith/Google Drive/oregon/data/DEV/nonbids_data/fMRI/fx/models/SST/wave1/posterror_conditions/sub-DEV164/,"'/Users/benjaminsmith/Google Drive/oregon/data/DEV/nonbids_data/fMRI/fx/models/SST/wave1/posterror_conditions/sub-DEV164/,1'",,spmT_0001.nii,spmT_0002.nii,spmT_0003.nii,spmT_0004.nii
130,DEV166,/Users/benjaminsmith/Google Drive/oregon/data/DEV/nonbids_data/fMRI/fx/models/SST/wave1/posterror_conditions/sub-DEV166/,"'/Users/benjaminsmith/Google Drive/oregon/data/DEV/nonbids_data/fMRI/fx/models/SST/wave1/posterror_conditions/sub-DEV166/,1'",,spmT_0001.nii,spmT_0002.nii,spmT_0003.nii,spmT_0004.nii
131,DEV167,/Users/benjaminsmith/Google Drive/oregon/data/DEV/nonbids_data/fMRI/fx/models/SST/wave1/posterror_conditions/sub-DEV167/,"'/Users/benjaminsmith/Google Drive/oregon/data/DEV/nonbids_data/fMRI/fx/models/SST/wave1/posterror_conditions/sub-DEV167/,1'",,spmT_0001.nii,spmT_0002.nii,spmT_0003.nii,spmT_0004.nii
132,DEV168,/Users/benjaminsmith/Google Drive/oregon/data/DEV/nonbids_data/fMRI/fx/models/SST/wave1/posterror_conditions/sub-DEV168/,"'/Users/benjaminsmith/Google Drive/oregon/data/DEV/nonbids_data/fMRI/fx/models/SST/wave1/posterror_conditions/sub-DEV168/,1'",,spmT_0001.nii,spmT_0002.nii,spmT_0003.nii,spmT_0004.nii
133,DEV169,/Users/benjaminsmith/Google Drive/oregon/data/DEV/nonbids_data/fMRI/fx/models/SST/wave1/posterror_conditions/sub-DEV169/,"'/Users/benjaminsmith/Google Drive/oregon/data/DEV/nonbids_data/fMRI/fx/models/SST/wave1/posterror_conditions/sub-DEV169/,1'",,spmT_0001.nii,spmT_0002.nii,spmT_0003.nii,spmT_0004.nii
134,DEV170,/Users/benjaminsmith/Google Drive/oregon/data/DEV/nonbids_data/fMRI/fx/models/SST/wave1/posterror_conditions/sub-DEV170/,"'/Users/benjaminsmith/Google Drive/oregon/data/DEV/nonbids_data/fMRI/fx/models/SST/wave1/posterror_conditions/sub-DEV170/,1'",,spmT_0001.nii,spmT_0002.nii,spmT_0003.nii,spmT_0004.nii
135,DEV172,/Users/benjaminsmith/Google Drive/oregon/data/DEV/nonbids_data/fMRI/fx/models/SST/wave1/posterror_conditions/sub-DEV172/,"'/Users/benjaminsmith/Google Drive/oregon/data/DEV/nonbids_data/fMRI/fx/models/SST/wave1/posterror_conditions/sub-DEV172/,1'",,spmT_0001.nii,spmT_0002.nii,spmT_0003.nii,spmT_0004.nii
136,DEV173,/Users/benjaminsmith/Google Drive/oregon/data/DEV/nonbids_data/fMRI/fx/models/SST/wave1/posterror_conditions/sub-DEV173/,"'/Users/benjaminsmith/Google Drive/oregon/data/DEV/nonbids_data/fMRI/fx/models/SST/wave1/posterror_conditions/sub-DEV173/,1'",,spmT_0001.nii,spmT_0002.nii,spmT_0003.nii,spmT_0004.nii
137,DEV174,/Users/benjaminsmith/Google Drive/oregon/data/DEV/nonbids_data/fMRI/fx/models/SST/wave1/posterror_conditions/sub-DEV174/,"'/Users/benjaminsmith/Google Drive/oregon/data/DEV/nonbids_data/fMRI/fx/models/SST/wave1/posterror_conditions/sub-DEV174/,1'",,spmT_0001.nii,spmT_0002.nii,spmT_0003.nii,spmT_0004.nii
138,DEV179,/Users/benjaminsmith/Google Drive/oregon/data/DEV/nonbids_data/fMRI/fx/models/SST/wave1/posterror_conditions/sub-DEV179/,"'/Users/benjaminsmith/Google Drive/oregon/data/DEV/nonbids_data/fMRI/fx/models/SST/wave1/posterror_conditions/sub-DEV179/,1'",,spmT_0001.nii,spmT_0002.nii,spmT_0003.nii,spmT_0004.nii
139,DEV180,/Users/benjaminsmith/Google Drive/oregon/data/DEV/nonbids_data/fMRI/fx/models/SST/wave1/posterror_conditions/sub-DEV180/,"'/Users/benjaminsmith/Google Drive/oregon/data/DEV/nonbids_data/fMRI/fx/models/SST/wave1/posterror_conditions/sub-DEV180/,1'",,spmT_0001.nii,spmT_0002.nii,spmT_0003.nii,spmT_0004.nii
140,DEV182,/Users/benjaminsmith/Google Drive/oregon/data/DEV/nonbids_data/fMRI/fx/models/SST/wave1/posterror_conditions/sub-DEV182/,"'/Users/benjaminsmith/Google Drive/oregon/data/DEV/nonbids_data/fMRI/fx/models/SST/wave1/posterror_conditions/sub-DEV182/,1'",,spmT_0001.nii,spmT_0002.nii,spmT_0003.nii,spmT_0004.nii
141,DEV183,/Users/benjaminsmith/Google Drive/oregon/data/DEV/nonbids_data/fMRI/fx/models/SST/wave1/posterror_conditions/sub-DEV183/,"'/Users/benjaminsmith/Google Drive/oregon/data/DEV/nonbids_data/fMRI/fx/models/SST/wave1/posterror_conditions/sub-DEV183/,1'",,spmT_0001.nii,spmT_0002.nii,spmT_0003.nii,spmT_0004.nii
142,DEV187,/Users/benjaminsmith/Google Drive/oregon/data/DEV/nonbids_data/fMRI/fx/models/SST/wave1/posterror_conditions/sub-DEV187/,"'/Users/benjaminsmith/Google Drive/oregon/data/DEV/nonbids_data/fMRI/fx/models/SST/wave1/posterror_conditions/sub-DEV187/,1'",,spmT_0001.nii,spmT_0002.nii,spmT_0003.nii,spmT_0004.nii
143,DEV188,/Users/benjaminsmith/Google Drive/oregon/data/DEV/nonbids_data/fMRI/fx/models/SST/wave1/posterror_conditions/sub-DEV188/,"'/Users/benjaminsmith/Google Drive/oregon/data/DEV/nonbids_data/fMRI/fx/models/SST/wave1/posterror_conditions/sub-DEV188/,1'",,spmT_0001.nii,spmT_0002.nii,spmT_0003.nii,spmT_0004.nii
144,DEV191,/Users/benjaminsmith/Google Drive/oregon/data/DEV/nonbids_data/fMRI/fx/models/SST/wave1/posterror_conditions/sub-DEV191/,"'/Users/benjaminsmith/Google Drive/oregon/data/DEV/nonbids_data/fMRI/fx/models/SST/wave1/posterror_conditions/sub-DEV191/,1'",,spmT_0001.nii,spmT_0002.nii,spmT_0003.nii,spmT_0004.nii
145,DEV192,/Users/benjaminsmith/Google Drive/oregon/data/DEV/nonbids_data/fMRI/fx/models/SST/wave1/posterror_conditions/sub-DEV192/,"'/Users/benjaminsmith/Google Drive/oregon/data/DEV/nonbids_data/fMRI/fx/models/SST/wave1/posterror_conditions/sub-DEV192/,1'",,spmT_0001.nii,spmT_0002.nii,spmT_0003.nii,spmT_0004.nii
146,DEV193,/Users/benjaminsmith/Google Drive/oregon/data/DEV/nonbids_data/fMRI/fx/models/SST/wave1/posterror_conditions/sub-DEV193/,"'/Users/benjaminsmith/Google Drive/oregon/data/DEV/nonbids_data/fMRI/fx/models/SST/wave1/posterror_conditions/sub-DEV193/,1'",,spmT_0001.nii,spmT_0002.nii,spmT_0003.nii,spmT_0004.nii
147,DEV195,/Users/benjaminsmith/Google Drive/oregon/data/DEV/nonbids_data/fMRI/fx/models/SST/wave1/posterror_conditions/sub-DEV195/,"'/Users/benjaminsmith/Google Drive/oregon/data/DEV/nonbids_data/fMRI/fx/models/SST/wave1/posterror_conditions/sub-DEV195/,1'",,spmT_0001.nii,spmT_0002.nii,spmT_0003.nii,spmT_0004.nii
148,DEV197,/Users/benjaminsmith/Google Drive/oregon/data/DEV/nonbids_data/fMRI/fx/models/SST/wave1/posterror_conditions/sub-DEV197/,"'/Users/benjaminsmith/Google Drive/oregon/data/DEV/nonbids_data/fMRI/fx/models/SST/wave1/posterror_conditions/sub-DEV197/,1'",,spmT_0001.nii,spmT_0002.nii,spmT_0003.nii,spmT_0004.nii
149,DEV199,/Users/benjaminsmith/Google Drive/oregon/data/DEV/nonbids_data/fMRI/fx/models/SST/wave1/posterror_conditions/sub-DEV199/,"'/Users/benjaminsmith/Google Drive/oregon/data/DEV/nonbids_data/fMRI/fx/models/SST/wave1/posterror_conditions/sub-DEV199/,1'",,spmT_0001.nii,spmT_0002.nii,spmT_0003.nii,spmT_0004.nii
150,DEV200,/Users/benjaminsmith/Google Drive/oregon/data/DEV/nonbids_data/fMRI/fx/models/SST/wave1/posterror_conditions/sub-DEV200/,"'/Users/benjaminsmith/Google Drive/oregon/data/DEV/nonbids_data/fMRI/fx/models/SST/wave1/posterror_conditions/sub-DEV200/,1'",,spmT_0001.nii,spmT_0002.nii,spmT_0003.nii,spmT_0004.nii
151,DEV201,/Users/benjaminsmith/Google Drive/oregon/data/DEV/nonbids_data/fMRI/fx/models/SST/wave1/posterror_conditions/sub-DEV201/,"'/Users/benjaminsmith/Google Drive/oregon/data/DEV/nonbids_data/fMRI/fx/models/SST/wave1/posterror_conditions/sub-DEV201/,1'",,spmT_0001.nii,spmT_0002.nii,spmT_0003.nii,spmT_0004.nii
152,DEV206,/Users/benjaminsmith/Google Drive/oregon/data/DEV/nonbids_data/fMRI/fx/models/SST/wave1/posterror_conditions/sub-DEV206/,"'/Users/benjaminsmith/Google Drive/oregon/data/DEV/nonbids_data/fMRI/fx/models/SST/wave1/posterror_conditions/sub-DEV206/,1'",,spmT_0001.nii,spmT_0002.nii,spmT_0003.nii,spmT_0004.nii
153,DEV208,/Users/benjaminsmith/Google Drive/oregon/data/DEV/nonbids_data/fMRI/fx/models/SST/wave1/posterror_conditions/sub-DEV208/,"'/Users/benjaminsmith/Google Drive/oregon/data/DEV/nonbids_data/fMRI/fx/models/SST/wave1/posterror_conditions/sub-DEV208/,1'",,spmT_0001.nii,spmT_0002.nii,spmT_0003.nii,spmT_0004.nii
154,DEV209,/Users/benjaminsmith/Google Drive/oregon/data/DEV/nonbids_data/fMRI/fx/models/SST/wave1/posterror_conditions/sub-DEV209/,"'/Users/benjaminsmith/Google Drive/oregon/data/DEV/nonbids_data/fMRI/fx/models/SST/wave1/posterror_conditions/sub-DEV209/,1'",,spmT_0001.nii,spmT_0002.nii,spmT_0003.nii,spmT_0004.nii
155,DEV210,/Users/benjaminsmith/Google Drive/oregon/data/DEV/nonbids_data/fMRI/fx/models/SST/wave1/posterror_conditions/sub-DEV210/,"'/Users/benjaminsmith/Google Drive/oregon/data/DEV/nonbids_data/fMRI/fx/models/SST/wave1/posterror_conditions/sub-DEV210/,1'",,spmT_0001.nii,spmT_0002.nii,spmT_0003.nii,spmT_0004.nii
156,DEV215,/Users/benjaminsmith/Google Drive/oregon/data/DEV/nonbids_data/fMRI/fx/models/SST/wave1/posterror_conditions/sub-DEV215/,"'/Users/benjaminsmith/Google Drive/oregon/data/DEV/nonbids_data/fMRI/fx/models/SST/wave1/posterror_conditions/sub-DEV215/,1'",,spmT_0001.nii,spmT_0002.nii,spmT_0003.nii,spmT_0004.nii
157,DEV217,/Users/benjaminsmith/Google Drive/oregon/data/DEV/nonbids_data/fMRI/fx/models/SST/wave1/posterror_conditions/sub-DEV217/,"'/Users/benjaminsmith/Google Drive/oregon/data/DEV/nonbids_data/fMRI/fx/models/SST/wave1/posterror_conditions/sub-DEV217/,1'",,spmT_0001.nii,spmT_0002.nii,spmT_0003.nii,spmT_0004.nii
158,DEV220,/Users/benjaminsmith/Google Drive/oregon/data/DEV/nonbids_data/fMRI/fx/models/SST/wave1/posterror_conditions/sub-DEV220/,"'/Users/benjaminsmith/Google Drive/oregon/data/DEV/nonbids_data/fMRI/fx/models/SST/wave1/posterror_conditions/sub-DEV220/,1'",,spmT_0001.nii,spmT_0002.nii,spmT_0003.nii,spmT_0004.nii
159,DEV222,/Users/benjaminsmith/Google Drive/oregon/data/DEV/nonbids_data/fMRI/fx/models/SST/wave1/posterror_conditions/sub-DEV222/,"'/Users/benjaminsmith/Google Drive/oregon/data/DEV/nonbids_data/fMRI/fx/models/SST/wave1/posterror_conditions/sub-DEV222/,1'",,spmT_0001.nii,spmT_0002.nii,spmT_0003.nii,spmT_0004.nii
160,DEV223,/Users/benjaminsmith/Google Drive/oregon/data/DEV/nonbids_data/fMRI/fx/models/SST/wave1/posterror_conditions/sub-DEV223/,"'/Users/benjaminsmith/Google Drive/oregon/data/DEV/nonbids_data/fMRI/fx/models/SST/wave1/posterror_conditions/sub-DEV223/,1'",,spmT_0001.nii,spmT_0002.nii,spmT_0003.nii,spmT_0004.nii
161,DEV224,/Users/benjaminsmith/Google Drive/oregon/data/DEV/nonbids_data/fMRI/fx/models/SST/wave1/posterror_conditions/sub-DEV224/,"'/Users/benjaminsmith/Google Drive/oregon/data/DEV/nonbids_data/fMRI/fx/models/SST/wave1/posterror_conditions/sub-DEV224/,1'",,spmT_0001.nii,spmT_0002.nii,spmT_0003.nii,spmT_0004.nii
162,DEV225,/Users/benjaminsmith/Google Drive/oregon/data/DEV/nonbids_data/fMRI/fx/models/SST/wave1/posterror_conditions/sub-DEV225/,"'/Users/benjaminsmith/Google Drive/oregon/data/DEV/nonbids_data/fMRI/fx/models/SST/wave1/posterror_conditions/sub-DEV225/,1'",,spmT_0001.nii,spmT_0002.nii,spmT_0003.nii,spmT_0004.nii
163,DEV228,/Users/benjaminsmith/Google Drive/oregon/data/DEV/nonbids_data/fMRI/fx/models/SST/wave1/posterror_conditions/sub-DEV228/,"'/Users/benjaminsmith/Google Drive/oregon/data/DEV/nonbids_data/fMRI/fx/models/SST/wave1/posterror_conditions/sub-DEV228/,1'",,spmT_0001.nii,spmT_0002.nii,spmT_0003.nii,spmT_0004.nii
164,DEV230,/Users/benjaminsmith/Google Drive/oregon/data/DEV/nonbids_data/fMRI/fx/models/SST/wave1/posterror_conditions/sub-DEV230/,"'/Users/benjaminsmith/Google Drive/oregon/data/DEV/nonbids_data/fMRI/fx/models/SST/wave1/posterror_conditions/sub-DEV230/,1'",,spmT_0001.nii,spmT_0002.nii,spmT_0003.nii,spmT_0004.nii
165,DEV231,/Users/benjaminsmith/Google Drive/oregon/data/DEV/nonbids_data/fMRI/fx/models/SST/wave1/posterror_conditions/sub-DEV231/,"'/Users/benjaminsmith/Google Drive/oregon/data/DEV/nonbids_data/fMRI/fx/models/SST/wave1/posterror_conditions/sub-DEV231/,1'",,,,,
166,DEV232,/Users/benjaminsmith/Google Drive/oregon/data/DEV/nonbids_data/fMRI/fx/models/SST/wave1/posterror_conditions/sub-DEV232/,"'/Users/benjaminsmith/Google Drive/oregon/data/DEV/nonbids_data/fMRI/fx/models/SST/wave1/posterror_conditions/sub-DEV232/,1'",,spmT_0001.nii,spmT_0002.nii,spmT_0003.nii,spmT_0004.nii
167,DEV233,/Users/benjaminsmith/Google Drive/oregon/data/DEV/nonbids_data/fMRI/fx/models/SST/wave1/posterror_conditions/sub-DEV233/,"'/Users/benjaminsmith/Google Drive/oregon/data/DEV/nonbids_data/fMRI/fx/models/SST/wave1/posterror_conditions/sub-DEV233/,1'",,spmT_0001.nii,spmT_0002.nii,spmT_0003.nii,spmT_0004.nii
168,DEV234,/Users/benjaminsmith/Google Drive/oregon/data/DEV/nonbids_data/fMRI/fx/models/SST/wave1/posterror_conditions/sub-DEV234/,"'/Users/benjaminsmith/Google Drive/oregon/data/DEV/nonbids_data/fMRI/fx/models/SST/wave1/posterror_conditions/sub-DEV234/,1'",,,,,
169,DEV235,/Users/benjaminsmith/Google Drive/oregon/data/DEV/nonbids_data/fMRI/fx/models/SST/wave1/posterror_conditions/sub-DEV235/,"'/Users/benjaminsmith/Google Drive/oregon/data/DEV/nonbids_data/fMRI/fx/models/SST/wave1/posterror_conditions/sub-DEV235/,1'",,spmT_0001.nii,spmT_0002.nii,spmT_0003.nii,spmT_0004.nii
170,DEV236,/Users/benjaminsmith/Google Drive/oregon/data/DEV/nonbids_data/fMRI/fx/models/SST/wave1/posterror_conditions/sub-DEV236/,"'/Users/benjaminsmith/Google Drive/oregon/data/DEV/nonbids_data/fMRI/fx/models/SST/wave1/posterror_conditions/sub-DEV236/,1'",,spmT_0001.nii,spmT_0002.nii,spmT_0003.nii,spmT_0004.nii
171,DEV237,/Users/benjaminsmith/Google Drive/oregon/data/DEV/nonbids_data/fMRI/fx/models/SST/wave1/posterror_conditions/sub-DEV237/,"'/Users/benjaminsmith/Google Drive/oregon/data/DEV/nonbids_data/fMRI/fx/models/SST/wave1/posterror_conditions/sub-DEV237/,1'",,spmT_0001.nii,spmT_0002.nii,spmT_0003.nii,spmT_0004.nii
172,DEV238,/Users/benjaminsmith/Google Drive/oregon/data/DEV/nonbids_data/fMRI/fx/models/SST/wave1/posterror_conditions/sub-DEV238/,"'/Users/benjaminsmith/Google Drive/oregon/data/DEV/nonbids_data/fMRI/fx/models/SST/wave1/posterror_conditions/sub-DEV238/,1'",,spmT_0001.nii,spmT_0002.nii,spmT_0003.nii,spmT_0004.nii
173,DEV239,/Users/benjaminsmith/Google Drive/oregon/data/DEV/nonbids_data/fMRI/fx/models/SST/wave1/posterror_conditions/sub-DEV239/,"'/Users/benjaminsmith/Google Drive/oregon/data/DEV/nonbids_data/fMRI/fx/models/SST/wave1/posterror_conditions/sub-DEV239/,1'",,spmT_0001.nii,spmT_0002.nii,spmT_0003.nii,spmT_0004.nii
174,DEV240,/Users/benjaminsmith/Google Drive/oregon/data/DEV/nonbids_data/fMRI/fx/models/SST/wave1/posterror_conditions/sub-DEV240/,"'/Users/benjaminsmith/Google Drive/oregon/data/DEV/nonbids_data/fMRI/fx/models/SST/wave1/posterror_conditions/sub-DEV240/,1'",,spmT_0001.nii,spmT_0002.nii,spmT_0003.nii,spmT_0004.nii
175,DEV241,/Users/benjaminsmith/Google Drive/oregon/data/DEV/nonbids_data/fMRI/fx/models/SST/wave1/posterror_conditions/sub-DEV241/,"'/Users/benjaminsmith/Google Drive/oregon/data/DEV/nonbids_data/fMRI/fx/models/SST/wave1/posterror_conditions/sub-DEV241/,1'",,spmT_0001.nii,spmT_0002.nii,spmT_0003.nii,spmT_0004.nii
176,DEV244,/Users/benjaminsmith/Google Drive/oregon/data/DEV/nonbids_data/fMRI/fx/models/SST/wave1/posterror_conditions/sub-DEV244/,"'/Users/benjaminsmith/Google Drive/oregon/data/DEV/nonbids_data/fMRI/fx/models/SST/wave1/posterror_conditions/sub-DEV244/,1'",,,,,
177,DEV246,/Users/benjaminsmith/Google Drive/oregon/data/DEV/nonbids_data/fMRI/fx/models/SST/wave1/posterror_conditions/sub-DEV246/,"'/Users/benjaminsmith/Google Drive/oregon/data/DEV/nonbids_data/fMRI/fx/models/SST/wave1/posterror_conditions/sub-DEV246/,1'",,spmT_0001.nii,spmT_0002.nii,spmT_0003.nii,spmT_0004.nii
178,DEV247,/Users/benjaminsmith/Google Drive/oregon/data/DEV/nonbids_data/fMRI/fx/models/SST/wave1/posterror_conditions/sub-DEV247/,"'/Users/benjaminsmith/Google Drive/oregon/data/DEV/nonbids_data/fMRI/fx/models/SST/wave1/posterror_conditions/sub-DEV247/,1'",,,,,
179,DEV251,/Users/benjaminsmith/Google Drive/oregon/data/DEV/nonbids_data/fMRI/fx/models/SST/wave1/posterror_conditions/sub-DEV251/,"'/Users/benjaminsmith/Google Drive/oregon/data/DEV/nonbids_data/fMRI/fx/models/SST/wave1/posterror_conditions/sub-DEV251/,1'",,spmT_0001.nii,spmT_0002.nii,spmT_0003.nii,spmT_0004.nii
180,DEV252,/Users/benjaminsmith/Google Drive/oregon/data/DEV/nonbids_data/fMRI/fx/models/SST/wave1/posterror_conditions/sub-DEV252/,"'/Users/benjaminsmith/Google Drive/oregon/data/DEV/nonbids_data/fMRI/fx/models/SST/wave1/posterror_conditions/sub-DEV252/,1'",,spmT_0001.nii,spmT_0002.nii,spmT_0003.nii,spmT_0004.nii
181,DEV253,/Users/benjaminsmith/Google Drive/oregon/data/DEV/nonbids_data/fMRI/fx/models/SST/wave1/posterror_conditions/sub-DEV253/,"'/Users/benjaminsmith/Google Drive/oregon/data/DEV/nonbids_data/fMRI/fx/models/SST/wave1/posterror_conditions/sub-DEV253/,1'",,spmT_0001.nii,spmT_0002.nii,spmT_0003.nii,spmT_0004.nii
182,DEV254,/Users/benjaminsmith/Google Drive/oregon/data/DEV/nonbids_data/fMRI/fx/models/SST/wave1/posterror_conditions/sub-DEV254/,"'/Users/benjaminsmith/Google Drive/oregon/data/DEV/nonbids_data/fMRI/fx/models/SST/wave1/posterror_conditions/sub-DEV254/,1'",,spmT_0001.nii,spmT_0002.nii,spmT_0003.nii,spmT_0004.nii
183,DEV256,/Users/benjaminsmith/Google Drive/oregon/data/DEV/nonbids_data/fMRI/fx/models/SST/wave1/posterror_conditions/sub-DEV256/,"'/Users/benjaminsmith/Google Drive/oregon/data/DEV/nonbids_data/fMRI/fx/models/SST/wave1/posterror_conditions/sub-DEV256/,1'",,spmT_0001.nii,spmT_0002.nii,spmT_0003.nii,spmT_0004.nii
184,DEV257,/Users/benjaminsmith/Google Drive/oregon/data/DEV/nonbids_data/fMRI/fx/models/SST/wave1/posterror_conditions/sub-DEV257/,"'/Users/benjaminsmith/Google Drive/oregon/data/DEV/nonbids_data/fMRI/fx/models/SST/wave1/posterror_conditions/sub-DEV257/,1'",,spmT_0001.nii,spmT_0002.nii,spmT_0003.nii,spmT_0004.nii
185,DEV258,/Users/benjaminsmith/Google Drive/oregon/data/DEV/nonbids_data/fMRI/fx/models/SST/wave1/posterror_conditions/sub-DEV258/,"'/Users/benjaminsmith/Google Drive/oregon/data/DEV/nonbids_data/fMRI/fx/models/SST/wave1/posterror_conditions/sub-DEV258/,1'",,spmT_0001.nii,spmT_0002.nii,spmT_0003.nii,spmT_0004.nii
186,DEV259,/Users/benjaminsmith/Google Drive/oregon/data/DEV/nonbids_data/fMRI/fx/models/SST/wave1/posterror_conditions/sub-DEV259/,"'/Users/benjaminsmith/Google Drive/oregon/data/DEV/nonbids_data/fMRI/fx/models/SST/wave1/posterror_conditions/sub-DEV259/,1'",,spmT_0001.nii,spmT_0002.nii,spmT_0003.nii,spmT_0004.nii
187,DEV260,/Users/benjaminsmith/Google Drive/oregon/data/DEV/nonbids_data/fMRI/fx/models/SST/wave1/posterror_conditions/sub-DEV260/,"'/Users/benjaminsmith/Google Drive/oregon/data/DEV/nonbids_data/fMRI/fx/models/SST/wave1/posterror_conditions/sub-DEV260/,1'",,spmT_0001.nii,spmT_0002.nii,spmT_0003.nii,spmT_0004.nii
188,DEV261,/Users/benjaminsmith/Google Drive/oregon/data/DEV/nonbids_data/fMRI/fx/models/SST/wave1/posterror_conditions/sub-DEV261/,"'/Users/benjaminsmith/Google Drive/oregon/data/DEV/nonbids_data/fMRI/fx/models/SST/wave1/posterror_conditions/sub-DEV261/,1'",,spmT_0001.nii,spmT_0002.nii,spmT_0003.nii,spmT_0004.nii
189,DEV262,/Users/benjaminsmith/Google Drive/oregon/data/DEV/nonbids_data/fMRI/fx/models/SST/wave1/posterror_conditions/sub-DEV262/,"'/Users/benjaminsmith/Google Drive/oregon/data/DEV/nonbids_data/fMRI/fx/models/SST/wave1/posterror_conditions/sub-DEV262/,1'",,spmT_0001.nii,spmT_0002.nii,spmT_0003.nii,spmT_0004.nii
190,DEV263,/Users/benjaminsmith/Google Drive/oregon/data/DEV/nonbids_data/fMRI/fx/models/SST/wave1/posterror_conditions/sub-DEV263/,"'/Users/benjaminsmith/Google Drive/oregon/data/DEV/nonbids_data/fMRI/fx/models/SST/wave1/posterror_conditions/sub-DEV263/,1'",,spmT_0001.nii,spmT_0002.nii,spmT_0003.nii,spmT_0004.nii
191,DEV264,/Users/benjaminsmith/Google Drive/oregon/data/DEV/nonbids_data/fMRI/fx/models/SST/wave1/posterror_conditions/sub-DEV264/,"'/Users/benjaminsmith/Google Drive/oregon/data/DEV/nonbids_data/fMRI/fx/models/SST/wave1/posterror_conditions/sub-DEV264/,1'",,spmT_0001.nii,spmT_0002.nii,spmT_0003.nii,spmT_0004.nii
192,DEV267,/Users/benjaminsmith/Google Drive/oregon/data/DEV/nonbids_data/fMRI/fx/models/SST/wave1/posterror_conditions/sub-DEV267/,"'/Users/benjaminsmith/Google Drive/oregon/data/DEV/nonbids_data/fMRI/fx/models/SST/wave1/posterror_conditions/sub-DEV267/,1'",,spmT_0001.nii,spmT_0002.nii,spmT_0003.nii,spmT_0004.nii
193,DEV268,/Users/benjaminsmith/Google Drive/oregon/data/DEV/nonbids_data/fMRI/fx/models/SST/wave1/posterror_conditions/sub-DEV268/,"'/Users/benjaminsmith/Google Drive/oregon/data/DEV/nonbids_data/fMRI/fx/models/SST/wave1/posterror_conditions/sub-DEV268/,1'",,spmT_0001.nii,spmT_0002.nii,spmT_0003.nii,spmT_0004.nii
194,DEV269,/Users/benjaminsmith/Google Drive/oregon/data/DEV/nonbids_data/fMRI/fx/models/SST/wave1/posterror_conditions/sub-DEV269/,"'/Users/benjaminsmith/Google Drive/oregon/data/DEV/nonbids_data/fMRI/fx/models/SST/wave1/posterror_conditions/sub-DEV269/,1'",,spmT_0001.nii,spmT_0002.nii,spmT_0003.nii,spmT_0004.nii
195,DEV270,/Users/benjaminsmith/Google Drive/oregon/data/DEV/nonbids_data/fMRI/fx/models/SST/wave1/posterror_conditions/sub-DEV270/,"'/Users/benjaminsmith/Google Drive/oregon/data/DEV/nonbids_data/fMRI/fx/models/SST/wave1/posterror_conditions/sub-DEV270/,1'",,spmT_0001.nii,spmT_0002.nii,spmT_0003.nii,spmT_0004.nii
196,DEV271,/Users/benjaminsmith/Google Drive/oregon/data/DEV/nonbids_data/fMRI/fx/models/SST/wave1/posterror_conditions/sub-DEV271/,"'/Users/benjaminsmith/Google Drive/oregon/data/DEV/nonbids_data/fMRI/fx/models/SST/wave1/posterror_conditions/sub-DEV271/,1'",,spmT_0001.nii,spmT_0002.nii,spmT_0003.nii,spmT_0004.nii
197,DEV272,/Users/benjaminsmith/Google Drive/oregon/data/DEV/nonbids_data/fMRI/fx/models/SST/wave1/posterror_conditions/sub-DEV272/,"'/Users/benjaminsmith/Google Drive/oregon/data/DEV/nonbids_data/fMRI/fx/models/SST/wave1/posterror_conditions/sub-DEV272/,1'",,spmT_0001.nii,spmT_0002.nii,spmT_0003.nii,spmT_0004.nii
198,DEV275,/Users/benjaminsmith/Google Drive/oregon/data/DEV/nonbids_data/fMRI/fx/models/SST/wave1/posterror_conditions/sub-DEV275/,"'/Users/benjaminsmith/Google Drive/oregon/data/DEV/nonbids_data/fMRI/fx/models/SST/wave1/posterror_conditions/sub-DEV275/,1'",,spmT_0001.nii,spmT_0002.nii,spmT_0003.nii,spmT_0004.nii
199,DEV277,/Users/benjaminsmith/Google Drive/oregon/data/DEV/nonbids_data/fMRI/fx/models/SST/wave1/posterror_conditions/sub-DEV277/,"'/Users/benjaminsmith/Google Drive/oregon/data/DEV/nonbids_data/fMRI/fx/models/SST/wave1/posterror_conditions/sub-DEV277/,1'",,spmT_0001.nii,spmT_0002.nii,spmT_0003.nii,spmT_0004.nii
200,DEV282,/Users/benjaminsmith/Google Drive/oregon/data/DEV/nonbids_data/fMRI/fx/models/SST/wave1/posterror_conditions/sub-DEV282/,"'/Users/benjaminsmith/Google Drive/oregon/data/DEV/nonbids_data/fMRI/fx/models/SST/wave1/posterror_conditions/sub-DEV282/,1'",,spmT_0001.nii,spmT_0002.nii,spmT_0003.nii,spmT_0004.nii
201,DEV285,/Users/benjaminsmith/Google Drive/oregon/data/DEV/nonbids_data/fMRI/fx/models/SST/wave1/posterror_conditions/sub-DEV285/,"'/Users/benjaminsmith/Google Drive/oregon/data/DEV/nonbids_data/fMRI/fx/models/SST/wave1/posterror_conditions/sub-DEV285/,1'",,spmT_0001.nii,spmT_0002.nii,spmT_0003.nii,spmT_0004.nii
202,DEV290,/Users/benjaminsmith/Google Drive/oregon/data/DEV/nonbids_data/fMRI/fx/models/SST/wave1/posterror_conditions/sub-DEV290/,"'/Users/benjaminsmith/Google Drive/oregon/data/DEV/nonbids_data/fMRI/fx/models/SST/wave1/posterror_conditions/sub-DEV290/,1'",,spmT_0001.nii,spmT_0002.nii,spmT_0003.nii,spmT_0004.nii
203,DEV291,/Users/benjaminsmith/Google Drive/oregon/data/DEV/nonbids_data/fMRI/fx/models/SST/wave1/posterror_conditions/sub-DEV291/,"'/Users/benjaminsmith/Google Drive/oregon/data/DEV/nonbids_data/fMRI/fx/models/SST/wave1/posterror_conditions/sub-DEV291/,1'",,spmT_0001.nii,spmT_0002.nii,spmT_0003.nii,spmT_0004.nii
204,DEV292,/Users/benjaminsmith/Google Drive/oregon/data/DEV/nonbids_data/fMRI/fx/models/SST/wave1/posterror_conditions/sub-DEV292/,"'/Users/benjaminsmith/Google Drive/oregon/data/DEV/nonbids_data/fMRI/fx/models/SST/wave1/posterror_conditions/sub-DEV292/,1'",,spmT_0001.nii,spmT_0002.nii,spmT_0003.nii,spmT_0004.nii
205,DEV293,/Users/benjaminsmith/Google Drive/oregon/data/DEV/nonbids_data/fMRI/fx/models/SST/wave1/posterror_conditions/sub-DEV293/,"'/Users/benjaminsmith/Google Drive/oregon/data/DEV/nonbids_data/fMRI/fx/models/SST/wave1/posterror_conditions/sub-DEV293/,1'",,spmT_0001.nii,spmT_0002.nii,spmT_0003.nii,spmT_0004.nii
206,DEV294,/Users/benjaminsmith/Google Drive/oregon/data/DEV/nonbids_data/fMRI/fx/models/SST/wave1/posterror_conditions/sub-DEV294/,"'/Users/benjaminsmith/Google Drive/oregon/data/DEV/nonbids_data/fMRI/fx/models/SST/wave1/posterror_conditions/sub-DEV294/,1'",,spmT_0001.nii,spmT_0002.nii,spmT_0003.nii,spmT_0004.nii
207,DEV296,/Users/benjaminsmith/Google Drive/oregon/data/DEV/nonbids_data/fMRI/fx/models/SST/wave1/posterror_conditions/sub-DEV296/,"'/Users/benjaminsmith/Google Drive/oregon/data/DEV/nonbids_data/fMRI/fx/models/SST/wave1/posterror_conditions/sub-DEV296/,1'",,spmT_0001.nii,spmT_0002.nii,spmT_0003.nii,spmT_0004.nii
208,DEV298,/Users/benjaminsmith/Google Drive/oregon/data/DEV/nonbids_data/fMRI/fx/models/SST/wave1/posterror_conditions/sub-DEV298/,"'/Users/benjaminsmith/Google Drive/oregon/data/DEV/nonbids_data/fMRI/fx/models/SST/wave1/posterror_conditions/sub-DEV298/,1'",,spmT_0001.nii,spmT_0002.nii,spmT_0003.nii,spmT_0004.nii
209,DEV300,/Users/benjaminsmith/Google Drive/oregon/data/DEV/nonbids_data/fMRI/fx/models/SST/wave1/posterror_conditions/sub-DEV300/,"'/Users/benjaminsmith/Google Drive/oregon/data/DEV/nonbids_data/fMRI/fx/models/SST/wave1/posterror_conditions/sub-DEV300/,1'",,spmT_0001.nii,spmT_0002.nii,spmT_0003.nii,spmT_0004.nii
210,DEV302,/Users/benjaminsmith/Google Drive/oregon/data/DEV/nonbids_data/fMRI/fx/models/SST/wave1/posterror_conditions/sub-DEV302/,"'/Users/benjaminsmith/Google Drive/oregon/data/DEV/nonbids_data/fMRI/fx/models/SST/wave1/posterror_conditions/sub-DEV302/,1'",,spmT_0001.nii,spmT_0002.nii,spmT_0003.nii,spmT_0004.nii
211,DEV303,/Users/benjaminsmith/Google Drive/oregon/data/DEV/nonbids_data/fMRI/fx/models/SST/wave1/posterror_conditions/sub-DEV303/,"'/Users/benjaminsmith/Google Drive/oregon/data/DEV/nonbids_data/fMRI/fx/models/SST/wave1/posterror_conditions/sub-DEV303/,1'",,spmT_0001.nii,spmT_0002.nii,spmT_0003.nii,spmT_0004.nii
212,DEV305,/Users/benjaminsmith/Google Drive/oregon/data/DEV/nonbids_data/fMRI/fx/models/SST/wave1/posterror_conditions/sub-DEV305/,"'/Users/benjaminsmith/Google Drive/oregon/data/DEV/nonbids_data/fMRI/fx/models/SST/wave1/posterror_conditions/sub-DEV305/,1'",,spmT_0001.nii,spmT_0002.nii,spmT_0003.nii,spmT_0004.nii
213,DEV306,/Users/benjaminsmith/Google Drive/oregon/data/DEV/nonbids_data/fMRI/fx/models/SST/wave1/posterror_conditions/sub-DEV306/,"'/Users/benjaminsmith/Google Drive/oregon/data/DEV/nonbids_data/fMRI/fx/models/SST/wave1/posterror_conditions/sub-DEV306/,1'",,spmT_0001.nii,spmT_0002.nii,spmT_0003.nii,spmT_0004.nii
214,DEV307,/Users/benjaminsmith/Google Drive/oregon/data/DEV/nonbids_data/fMRI/fx/models/SST/wave1/posterror_conditions/sub-DEV307/,"'/Users/benjaminsmith/Google Drive/oregon/data/DEV/nonbids_data/fMRI/fx/models/SST/wave1/posterror_conditions/sub-DEV307/,1'",,spmT_0001.nii,spmT_0002.nii,spmT_0003.nii,spmT_0004.nii
215,DEV308,/Users/benjaminsmith/Google Drive/oregon/data/DEV/nonbids_data/fMRI/fx/models/SST/wave1/posterror_conditions/sub-DEV308/,"'/Users/benjaminsmith/Google Drive/oregon/data/DEV/nonbids_data/fMRI/fx/models/SST/wave1/posterror_conditions/sub-DEV308/,1'",,spmT_0001.nii,spmT_0002.nii,spmT_0003.nii,spmT_0004.nii
216,DEV312,/Users/benjaminsmith/Google Drive/oregon/data/DEV/nonbids_data/fMRI/fx/models/SST/wave1/posterror_conditions/sub-DEV312/,"'/Users/benjaminsmith/Google Drive/oregon/data/DEV/nonbids_data/fMRI/fx/models/SST/wave1/posterror_conditions/sub-DEV312/,1'",,spmT_0001.nii,spmT_0002.nii,spmT_0003.nii,spmT_0004.nii
