DEV010	[1, 2, 3, 4]
DEV013	[1, 2, 3, 4]
DEV014	[1, 2, 3, 4]
DEV016	[1, 2, 3, 4]
DEV018	[1, 2, 3, 4]
DEV019	[1, 2, 4]
DEV021	[1, 2, 3, 4]
DEV023	[1, 2, 4]
DEV024	[1, 2, 3, 4]
DEV026	[2, 3, 4]
DEV027	[1, 2, 3, 4]
DEV028	[1, 3, 4]
DEV030	[1, 2, 3, 4]
DEV031	[1, 2, 3, 4]
DEV033	[1, 2, 3, 4]
DEV036	[1, 2, 3, 4]
DEV038	[1, 2, 3, 4]
DEV040	[1, 2, 3, 4]
DEV041	[1, 2, 3, 4]
DEV042	[1, 2, 3, 4]
DEV043	[1, 2, 3, 4]
DEV046	[1, 2, 3, 4]
DEV048	[1, 2, 4]
DEV049	[1, 2, 3, 4]
DEV050	[1, 2, 3, 4]
DEV051	[1, 2, 3, 4]
DEV052	[1, 2, 3, 4]
DEV053	[1, 2, 3, 4]
DEV054	[1, 2, 3, 4]
DEV055	[1, 2, 3, 4]
DEV056	[1, 2, 3, 4]
DEV057	[1, 2, 3, 4]
DEV058	[1, 2, 3, 4]
DEV059	[1, 2, 3, 4]
DEV060	[1, 2, 3, 4]
DEV061	[1, 2, 3, 4]
DEV062	[1, 2, 3, 4]
DEV063	[1, 2]
DEV065	[1, 2, 3, 4]
DEV066	[1, 2, 3, 4]
DEV067	[1, 2]
DEV068	[1, 2, 3, 4]
DEV069	[2, 3, 4]
DEV070	[1, 2, 3, 4]
DEV071	[1, 2, 3, 4]
DEV073	[1, 2, 3, 4]
DEV074	[1, 2, 3, 4]
DEV075	[1, 2, 3, 4]
DEV077	[1, 2, 3, 4]
DEV079	[1, 2, 3, 4]
DEV081	[1, 2, 3, 4]
DEV083	[1, 2, 3, 4]
DEV084	[1, 2, 3, 4]
DEV086	[1, 2, 3, 4]
DEV087	[1, 2, 3, 4]
DEV088	[1, 2, 3, 4]
DEV089	[1, 2, 3, 4]
DEV090	[1, 2, 3, 4]
DEV091	[1, 2, 3, 4]
DEV093	[1, 2, 3, 4]
DEV094	[1, 2, 3, 4]
DEV097	[1, 2, 3, 4]
DEV099	[1, 2, 3, 4]
DEV101	[1, 2, 4]
DEV103	[1, 2, 3, 4]
DEV104	[1, 2, 3, 4]
DEV107	[1, 2, 3, 4]
DEV108	[1, 2, 3, 4]
DEV109	[1, 2, 3, 4]
DEV110	[1, 2, 3, 4]
DEV112	[1, 2, 3, 4]
DEV115	[1, 2, 3, 4]
DEV119	[1, 2, 3, 4]
DEV120	[1, 2, 3, 4]
DEV121	[1, 2, 3, 4]
DEV122	[1, 2, 3, 4]
DEV124	[1, 2, 3, 4]
DEV125	[3, 4]
DEV126	[1, 2, 3, 4]
DEV127	[1, 2, 3, 4]
DEV128	[1, 2, 3, 4]
DEV129	[1, 2, 3, 4]
DEV130	[1, 2, 3, 4]
DEV132	[1, 2, 3, 4]
DEV133	[1, 2, 3, 4]
DEV134	[1, 2, 3, 4]
DEV135	[1, 2, 3, 4]
DEV137	[1, 2, 3, 4]
DEV138	[1, 2, 3, 4]
DEV139	[1, 2, 3, 4]
DEV140	[1, 2, 3, 4]
DEV141	[1, 2, 3, 4]
DEV143	[1, 2, 3, 4]
DEV144	[1, 2, 3, 4]
DEV145	[1, 2, 3, 4]
DEV147	[1, 2, 3, 4]
DEV149	[1, 2, 3, 4]
DEV151	[3]
DEV153	[1, 2, 3, 4]
DEV154	[1, 2, 3, 4]
DEV155	[1, 2, 3, 4]
DEV156	[1, 2, 3, 4]
DEV157	[1, 2, 3, 4]
DEV158	[1, 2, 3, 4]
DEV159	[1, 2, 3, 4]
DEV161	[1, 2, 3, 4]
DEV163	[2, 3, 4]
DEV164	[1, 2, 3, 4]
DEV167	[1, 2, 3]
DEV177	[1, 2, 3, 4]
DEV179	[1, 2, 3, 4]
DEV182	[1, 2, 3, 4]
DEV183	[2, 3, 4]
DEV185	[1, 2, 4]
DEV186	[1, 2, 3, 4]
DEV187	[1, 2, 3, 4]
DEV188	[3, 4]
DEV190	[1, 2, 3, 4]
DEV191	[1, 2, 3, 4]
DEV192	[1, 2, 3, 4]
DEV193	[1, 2, 3, 4]
DEV195	[4]
DEV196	[1, 2, 3, 4]
DEV197	[1, 2, 3, 4]
DEV198	[1, 2, 3, 4]
DEV199	[1, 2, 3, 4]
DEV201	[1, 2, 3, 4]
DEV205	[1, 2, 3, 4]
DEV206	[1, 2, 3, 4]
DEV207	[1, 2]
DEV208	[1, 2, 3, 4]
DEV209	[1, 2, 3, 4]
DEV215	[1, 2, 3, 4]
DEV216	[1, 2, 3, 4]
DEV220	[1, 2, 3, 4]
DEV222	[1, 2, 4]
DEV223	[1, 2, 3, 4]
DEV224	[1, 2, 3, 4]
DEV230	[1, 2, 3, 4]
DEV231	[1, 2, 3, 4]
DEV232	[1, 2, 3, 4]
DEV233	[1, 2, 3, 4]
DEV234	[1, 3, 4]
DEV235	[1, 2, 3, 4]
DEV237	[1, 2, 3, 4]
DEV238	[1, 2, 3, 4]
DEV239	[1, 2, 3, 4]
DEV240	[1, 2, 3, 4]
DEV241	[1, 2, 3, 4]
DEV243	[1, 2, 3, 4]
DEV244	[1, 2, 3, 4]
DEV246	[1, 2, 3, 4]
DEV247	[1, 2, 3, 4]
DEV249	[1, 2, 3, 4]
DEV250	[1, 2, 3, 4]
DEV251	[1, 2, 3, 4]
DEV252	[1, 2, 3, 4]
DEV254	[1, 2, 3, 4]
DEV256	[1, 2, 3, 4]
DEV257	[1, 2, 3, 4]
DEV258	[1, 2, 3, 4]
DEV259	[1, 2, 3, 4]
DEV260	[1, 2, 3, 4]
DEV261	[1, 2, 3, 4]
DEV262	[1, 2, 3, 4]
DEV263	[1, 2, 3, 4]
DEV264	[1, 2, 3, 4]
DEV266	[1, 2, 3, 4]
DEV267	[2, 3, 4]
DEV268	[1, 2, 3, 4]
DEV269	[1, 2, 3, 4]
DEV271	[1, 2, 3, 4]
DEV272	[1, 2, 3, 4]
DEV273	[1, 2, 3, 4]
DEV274	[4]
DEV275	[1, 2, 3, 4]
DEV276	[1, 2, 3, 4]
DEV277	[1, 2, 3, 4]
DEV282	[1, 2, 3, 4]
DEV284	[1, 2, 3, 4]
DEV285	[1, 2, 3, 4]
DEV286	[1, 2, 3, 4]
DEV291	[1, 2, 3, 4]
DEV292	[1, 2, 3, 4]
DEV294	[1, 2, 3, 4]
DEV296	[1, 2, 3, 4]
DEV297	[1, 2, 3, 4]
DEV298	[1, 2, 3, 4]
DEV299	[1, 2, 3, 4]
DEV300	[1, 2, 3, 4]
DEV302	[2, 3, 4]
DEV303	[1, 2, 3, 4]
DEV304	[1, 2, 3, 4]
DEV305	[1, 2, 3, 4]
DEV306	[1, 2, 3, 4]
DEV308	[1, 2, 3, 4]
DEV309	[1, 2, 3, 4]
DEV310	[1, 2, 3, 4]
DEV312	[1, 2, 3, 4]
